radar,date,time,pulse,dataset,elevation_deg,finite_gate_count,receiver_noise_count,receiver_noise_fraction,receiver_noise_max_dbz,receiver_noise_ge_10_dbz,receiver_noise_ge_20_dbz,ci_finite_count,ci_low_count,ci_high_count,near_zero_vrad_count,low_sqi_count,receiver_noise_figure_h_db,receiver_noise_figure_v_db,ambient_noise_h_median,ambient_noise_v_median,source_url
castor-bay,20260115,0000,lp,dataset1,0.5,153000,20503,0.13400653594771242,-7.899999618530273,0,0,153000,15162,123413,39817,41578,5.28,6.35,23.079999923706055,22.260000228881836,https://ncas-radar-o.s3-ext.jc.rl.ac.uk/uk-wsr-visualizer-public/ukmo-nimrod/pvol/castor-bay/2026/01/15/lp/20260115_polar_pl_radar07_aggregate_lp_0000.h5
castor-bay,20260115,0000,lp,dataset2,0.95,153000,18737,0.1224640522875817,-7.600000381469727,0,0,153000,11522,123855,36711,39575,5.34,6.33,22.899999618530273,22.100000381469727,https://ncas-radar-o.s3-ext.jc.rl.ac.uk/uk-wsr-visualizer-public/ukmo-nimrod/pvol/castor-bay/2026/01/15/lp/20260115_polar_pl_radar07_aggregate_lp_0000.h5
castor-bay,20260115,0000,lp,dataset3,1.95,153000,5272,0.03445751633986928,-7.299999237060547,0,0,153000,5697,85925,29383,21093,4.85,6.1,22.790000915527344,22.0,https://ncas-radar-o.s3-ext.jc.rl.ac.uk/uk-wsr-visualizer-public/ukmo-nimrod/pvol/castor-bay/2026/01/15/lp/20260115_polar_pl_radar07_aggregate_lp_0000.h5
castor-bay,20260115,0000,lp,dataset4,2.95,153000,5422,0.03543790849673203,-6.69999885559082,0,0,153000,5445,87378,27613,21497,4.84,6.0,22.739999771118164,21.959999084472656,https://ncas-radar-o.s3-ext.jc.rl.ac.uk/uk-wsr-visualizer-public/ukmo-nimrod/pvol/castor-bay/2026/01/15/lp/20260115_polar_pl_radar07_aggregate_lp_0000.h5
castor-bay,20260115,0000,lp,dataset5,3.95,153000,5294,0.034601307189542484,-6.600000381469727,0,0,153000,5055,87277,27727,21473,4.82,6.1,22.719999313354492,21.9350004196167,https://ncas-radar-o.s3-ext.jc.rl.ac.uk/uk-wsr-visualizer-public/ukmo-nimrod/pvol/castor-bay/2026/01/15/lp/20260115_polar_pl_radar07_aggregate_lp_0000.h5
castor-bay,20260115,0000,sp,dataset1,0.95,68040,14551,0.21385949441504998,13.900001525878906,6855,0,68040,5083,53459,13322,38838,,,-32.0,-32.0,https://ncas-radar-o.s3-ext.jc.rl.ac.uk/uk-wsr-visualizer-public/ukmo-nimrod/pvol/castor-bay/2026/01/15/sp/20260115_polar_pl_radar07_aggregate_sp_0000.h5
castor-bay,20260115,0000,sp,dataset2,1.95,68040,17184,0.2525573192239859,13.799999237060547,7102,0,68040,1607,60643,7370,44057,,,-32.0,-32.0,https://ncas-radar-o.s3-ext.jc.rl.ac.uk/uk-wsr-visualizer-public/ukmo-nimrod/pvol/castor-bay/2026/01/15/sp/20260115_polar_pl_radar07_aggregate_sp_0000.h5
castor-bay,20260115,0000,sp,dataset3,3.95,68040,17054,0.2506466784244562,13.799999237060547,6832,0,68040,1385,61644,6169,45110,,,-32.0,-32.0,https://ncas-radar-o.s3-ext.jc.rl.ac.uk/uk-wsr-visualizer-public/ukmo-nimrod/pvol/castor-bay/2026/01/15/sp/20260115_polar_pl_radar07_aggregate_sp_0000.h5
castor-bay,20260115,0000,sp,dataset4,6.0,68040,17686,0.2599353321575544,13.799999237060547,6966,0,68040,1326,61854,5874,46716,,,-32.0,-32.0,https://ncas-radar-o.s3-ext.jc.rl.ac.uk/uk-wsr-visualizer-public/ukmo-nimrod/pvol/castor-bay/2026/01/15/sp/20260115_polar_pl_radar07_aggregate_sp_0000.h5
castor-bay,20260115,0000,sp,dataset5,8.95,68040,17958,0.26393298059964726,13.700000762939453,6815,0,68040,1092,62189,5542,48273,,,-32.0,-32.0,https://ncas-radar-o.s3-ext.jc.rl.ac.uk/uk-wsr-visualizer-public/ukmo-nimrod/pvol/castor-bay/2026/01/15/sp/20260115_polar_pl_radar07_aggregate_sp_0000.h5
castor-bay,20260115,0000,sp,dataset6,89.9,57600,937,0.01626736111111111,-6.299999237060547,0,0,57600,8660,31918,16062,6081,,,-32.0,-32.0,https://ncas-radar-o.s3-ext.jc.rl.ac.uk/uk-wsr-visualizer-public/ukmo-nimrod/pvol/castor-bay/2026/01/15/sp/20260115_polar_pl_radar07_aggregate_sp_0000.h5
castor-bay,20260415,1200,lp,dataset1,0.5,153000,15878,0.10377777777777777,-7.0,0,0,153000,11777,124304,36329,34942,6.87,6.72,23.3799991607666,23.520000457763672,https://ncas-radar-o.s3-ext.jc.rl.ac.uk/uk-wsr-visualizer-public/ukmo-nimrod/pvol/castor-bay/2026/04/15/lp/20260415_polar_pl_radar07_aggregate_lp_1200.h5
castor-bay,20260415,1200,lp,dataset2,0.95,153000,14329,0.09365359477124183,-7.100000381469727,0,0,153000,9101,124881,34085,32713,5.5,6.61,23.200000762939453,23.3700008392334,https://ncas-radar-o.s3-ext.jc.rl.ac.uk/uk-wsr-visualizer-public/ukmo-nimrod/pvol/castor-bay/2026/04/15/lp/20260415_polar_pl_radar07_aggregate_lp_1200.h5
castor-bay,20260415,1200,lp,dataset3,1.95,153000,4271,0.027915032679738563,-6.19999885559082,0,0,153000,4529,87359,28115,18485,5.16,6.53,23.059999465942383,23.25,https://ncas-radar-o.s3-ext.jc.rl.ac.uk/uk-wsr-visualizer-public/ukmo-nimrod/pvol/castor-bay/2026/04/15/lp/20260415_polar_pl_radar07_aggregate_lp_1200.h5
castor-bay,20260415,1200,lp,dataset4,2.95,153000,4678,0.03057516339869281,-6.5,0,0,153000,4495,88938,26183,19636,5.23,6.53,23.010000228881836,23.200000762939453,https://ncas-radar-o.s3-ext.jc.rl.ac.uk/uk-wsr-visualizer-public/ukmo-nimrod/pvol/castor-bay/2026/04/15/lp/20260415_polar_pl_radar07_aggregate_lp_1200.h5
castor-bay,20260415,1200,lp,dataset5,3.95,153000,4932,0.032235294117647056,-5.69999885559082,0,0,153000,4069,88422,26128,20213,5.16,6.36,22.979999542236328,23.170000076293945,https://ncas-radar-o.s3-ext.jc.rl.ac.uk/uk-wsr-visualizer-public/ukmo-nimrod/pvol/castor-bay/2026/04/15/lp/20260415_polar_pl_radar07_aggregate_lp_1200.h5
castor-bay,20260415,1200,sp,dataset1,0.95,68040,9730,0.14300411522633744,14.299999237060547,5732,0,68040,4606,53553,11984,29801,,,-32.0,-32.0,https://ncas-radar-o.s3-ext.jc.rl.ac.uk/uk-wsr-visualizer-public/ukmo-nimrod/pvol/castor-bay/2026/04/15/sp/20260415_polar_pl_radar07_aggregate_sp_1200.h5
castor-bay,20260415,1200,sp,dataset2,1.95,68040,12553,0.1844944150499706,14.10000228881836,6105,0,68040,1210,60545,6272,34726,,,-32.0,-32.0,https://ncas-radar-o.s3-ext.jc.rl.ac.uk/uk-wsr-visualizer-public/ukmo-nimrod/pvol/castor-bay/2026/04/15/sp/20260415_polar_pl_radar07_aggregate_sp_1200.h5
castor-bay,20260415,1200,sp,dataset3,3.95,68040,13631,0.20033803644914755,14.0,6181,0,68040,1045,61203,5205,38453,,,-32.0,-32.0,https://ncas-radar-o.s3-ext.jc.rl.ac.uk/uk-wsr-visualizer-public/ukmo-nimrod/pvol/castor-bay/2026/04/15/sp/20260415_polar_pl_radar07_aggregate_sp_1200.h5
castor-bay,20260415,1200,sp,dataset4,6.0,68040,14348,0.21087595532039977,14.0,6424,0,68040,999,62038,4727,42692,,,-32.0,-32.0,https://ncas-radar-o.s3-ext.jc.rl.ac.uk/uk-wsr-visualizer-public/ukmo-nimrod/pvol/castor-bay/2026/04/15/sp/20260415_polar_pl_radar07_aggregate_sp_1200.h5
castor-bay,20260415,1200,sp,dataset5,8.95,68040,15977,0.2348177542621987,14.0,6618,0,68040,791,62740,4197,47236,,,-32.0,-32.0,https://ncas-radar-o.s3-ext.jc.rl.ac.uk/uk-wsr-visualizer-public/ukmo-nimrod/pvol/castor-bay/2026/04/15/sp/20260415_polar_pl_radar07_aggregate_sp_1200.h5
castor-bay,20260415,1200,sp,dataset6,89.9,57600,950,0.016493055555555556,-6.100000381469727,0,0,57600,6250,33383,12013,6752,,,-32.0,-32.0,https://ncas-radar-o.s3-ext.jc.rl.ac.uk/uk-wsr-visualizer-public/ukmo-nimrod/pvol/castor-bay/2026/04/15/sp/20260415_polar_pl_radar07_aggregate_sp_1200.h5
castor-bay,20260711,2100,lp,dataset1,0.5,153000,21119,0.1380326797385621,-7.899999618530273,0,0,153000,12904,126098,37458,45454,6.41,7.09,23.469999313354492,23.420000076293945,https://ncas-radar-o.s3-ext.jc.rl.ac.uk/uk-wsr-visualizer-public/ukmo-nimrod/pvol/castor-bay/2026/07/11/lp/20260711_polar_pl_radar07_aggregate_lp_2100.h5
castor-bay,20260711,2100,lp,dataset2,0.95,153000,18662,0.12197385620915033,-7.899999618530273,0,0,153000,9648,125411,35408,41844,6.39,7.1,23.31999969482422,23.239999771118164,https://ncas-radar-o.s3-ext.jc.rl.ac.uk/uk-wsr-visualizer-public/ukmo-nimrod/pvol/castor-bay/2026/07/11/lp/20260711_polar_pl_radar07_aggregate_lp_2100.h5
castor-bay,20260711,2100,lp,dataset3,1.95,153000,5184,0.03388235294117647,-7.0,0,0,153000,4235,85936,29176,21442,5.47,6.9,23.229999542236328,23.1200008392334,https://ncas-radar-o.s3-ext.jc.rl.ac.uk/uk-wsr-visualizer-public/ukmo-nimrod/pvol/castor-bay/2026/07/11/lp/20260711_polar_pl_radar07_aggregate_lp_2100.h5
castor-bay,20260711,2100,lp,dataset4,2.95,153000,5351,0.03497385620915033,-6.5,0,0,153000,4314,87004,27404,21685,5.39,6.77,23.170000076293945,23.079999923706055,https://ncas-radar-o.s3-ext.jc.rl.ac.uk/uk-wsr-visualizer-public/ukmo-nimrod/pvol/castor-bay/2026/07/11/lp/20260711_polar_pl_radar07_aggregate_lp_2100.h5
castor-bay,20260711,2100,lp,dataset5,3.95,153000,5353,0.03498692810457516,-6.5,0,0,153000,4136,87102,27302,21906,5.43,6.9,23.149999618530273,23.06999969482422,https://ncas-radar-o.s3-ext.jc.rl.ac.uk/uk-wsr-visualizer-public/ukmo-nimrod/pvol/castor-bay/2026/07/11/lp/20260711_polar_pl_radar07_aggregate_lp_2100.h5
castor-bay,20260711,2100,sp,dataset1,0.95,68040,12139,0.17840975896531452,14.400001525878906,6416,0,68040,4505,54606,12237,40252,,,-32.0,-32.0,https://ncas-radar-o.s3-ext.jc.rl.ac.uk/uk-wsr-visualizer-public/ukmo-nimrod/pvol/castor-bay/2026/07/11/sp/20260711_polar_pl_radar07_aggregate_sp_2100.h5
castor-bay,20260711,2100,sp,dataset2,1.95,68040,14258,0.20955320399764843,14.299999237060547,6629,0,68040,995,61766,6168,45093,,,-32.0,-32.0,https://ncas-radar-o.s3-ext.jc.rl.ac.uk/uk-wsr-visualizer-public/ukmo-nimrod/pvol/castor-bay/2026/07/11/sp/20260711_polar_pl_radar07_aggregate_sp_2100.h5
castor-bay,20260711,2100,sp,dataset3,4.0,68040,14745,0.21671075837742504,14.200000762939453,6416,0,68040,1036,62302,5100,46663,,,-32.0,-32.0,https://ncas-radar-o.s3-ext.jc.rl.ac.uk/uk-wsr-visualizer-public/ukmo-nimrod/pvol/castor-bay/2026/07/11/sp/20260711_polar_pl_radar07_aggregate_sp_2100.h5
castor-bay,20260711,2100,sp,dataset4,6.0,68040,15319,0.2251469723691946,14.10000228881836,6554,0,68040,973,62584,4623,47941,,,-32.0,-32.0,https://ncas-radar-o.s3-ext.jc.rl.ac.uk/uk-wsr-visualizer-public/ukmo-nimrod/pvol/castor-bay/2026/07/11/sp/20260711_polar_pl_radar07_aggregate_sp_2100.h5
castor-bay,20260711,2100,sp,dataset5,8.95,68040,16191,0.23796296296296296,14.10000228881836,6657,0,68040,781,63137,4099,49753,,,-32.0,-32.0,https://ncas-radar-o.s3-ext.jc.rl.ac.uk/uk-wsr-visualizer-public/ukmo-nimrod/pvol/castor-bay/2026/07/11/sp/20260711_polar_pl_radar07_aggregate_sp_2100.h5
castor-bay,20260711,2100,sp,dataset6,89.9,57600,1070,0.01857638888888889,-6.0,0,0,57600,7422,34436,13600,7324,,,-32.0,-32.0,https://ncas-radar-o.s3-ext.jc.rl.ac.uk/uk-wsr-visualizer-public/ukmo-nimrod/pvol/castor-bay/2026/07/11/sp/20260711_polar_pl_radar07_aggregate_sp_2100.h5
chenies,20260115,0000,lp,dataset1,0.5,153000,19884,0.12996078431372549,-8.19999885559082,0,0,153000,8955,130850,32354,40732,6.68,7.55,23.125,22.440000534057617,https://ncas-radar-o.s3-ext.jc.rl.ac.uk/uk-wsr-visualizer-public/ukmo-nimrod/pvol/chenies/2026/01/15/lp/20260115_polar_pl_radar05_aggregate_lp_0000.h5
chenies,20260115,0000,lp,dataset2,1.0,153000,18094,0.11826143790849673,-8.0,0,0,153000,5961,130753,29546,38329,6.68,7.35,23.020000457763672,22.34000015258789,https://ncas-radar-o.s3-ext.jc.rl.ac.uk/uk-wsr-visualizer-public/ukmo-nimrod/pvol/chenies/2026/01/15/lp/20260115_polar_pl_radar05_aggregate_lp_0000.h5
chenies,20260115,0000,lp,dataset3,2.0,153000,5137,0.03357516339869281,-7.100000381469727,0,0,153000,4372,89257,25647,20264,6.58,7.31,22.940000534057617,22.270000457763672,https://ncas-radar-o.s3-ext.jc.rl.ac.uk/uk-wsr-visualizer-public/ukmo-nimrod/pvol/chenies/2026/01/15/lp/20260115_polar_pl_radar05_aggregate_lp_0000.h5
chenies,20260115,0000,lp,dataset4,3.0,153000,5426,0.0354640522875817,-7.19999885559082,0,0,153000,4249,89228,24705,21150,6.5,7.22,22.899999618530273,22.239999771118164,https://ncas-radar-o.s3-ext.jc.rl.ac.uk/uk-wsr-visualizer-public/ukmo-nimrod/pvol/chenies/2026/01/15/lp/20260115_polar_pl_radar05_aggregate_lp_0000.h5
chenies,20260115,0000,lp,dataset5,4.0,153000,5499,0.03594117647058823,-7.0,0,0,153000,3899,89181,24478,21697,6.42,7.16,22.8799991607666,22.200000762939453,https://ncas-radar-o.s3-ext.jc.rl.ac.uk/uk-wsr-visualizer-public/ukmo-nimrod/pvol/chenies/2026/01/15/lp/20260115_polar_pl_radar05_aggregate_lp_0000.h5
chenies,20260115,0000,sp,dataset1,1.0,68040,15328,0.22527924750146971,14.0,6501,0,68040,1779,60377,7164,39835,,,-32.0,-32.0,https://ncas-radar-o.s3-ext.jc.rl.ac.uk/uk-wsr-visualizer-public/ukmo-nimrod/pvol/chenies/2026/01/15/sp/20260115_polar_pl_radar05_aggregate_sp_0000.h5
chenies,20260115,0000,sp,dataset2,2.0,68040,17158,0.25217519106407993,13.799999237060547,6472,0,68040,1194,63091,4866,44338,,,-32.0,-32.0,https://ncas-radar-o.s3-ext.jc.rl.ac.uk/uk-wsr-visualizer-public/ukmo-nimrod/pvol/chenies/2026/01/15/sp/20260115_polar_pl_radar05_aggregate_sp_0000.h5
chenies,20260115,0000,sp,dataset3,4.0,68040,17742,0.2607583774250441,13.700000762939453,6772,0,68040,1071,63506,4265,47510,,,-32.0,-32.0,https://ncas-radar-o.s3-ext.jc.rl.ac.uk/uk-wsr-visualizer-public/ukmo-nimrod/pvol/chenies/2026/01/15/sp/20260115_polar_pl_radar05_aggregate_sp_0000.h5
chenies,20260115,0000,sp,dataset4,6.0,68040,18241,0.2680922986478542,13.700000762939453,6851,0,68040,670,64325,3609,48613,,,-32.0,-32.0,https://ncas-radar-o.s3-ext.jc.rl.ac.uk/uk-wsr-visualizer-public/ukmo-nimrod/pvol/chenies/2026/01/15/sp/20260115_polar_pl_radar05_aggregate_sp_0000.h5
chenies,20260115,0000,sp,dataset5,9.0,68040,19085,0.2804967666078777,13.700000762939453,7112,0,68040,658,64572,3243,49706,,,-32.0,-32.0,https://ncas-radar-o.s3-ext.jc.rl.ac.uk/uk-wsr-visualizer-public/ukmo-nimrod/pvol/chenies/2026/01/15/sp/20260115_polar_pl_radar05_aggregate_sp_0000.h5
chenies,20260115,0000,sp,dataset6,89.9,57600,1096,0.01902777777777778,-6.399999618530273,0,0,57600,7213,35904,12154,7636,,,-32.0,-32.0,https://ncas-radar-o.s3-ext.jc.rl.ac.uk/uk-wsr-visualizer-public/ukmo-nimrod/pvol/chenies/2026/01/15/sp/20260115_polar_pl_radar05_aggregate_sp_0000.h5
chenies,20260415,1200,lp,dataset1,0.5,153000,19862,0.1298169934640523,-9.299999237060547,0,0,153000,7792,131448,32562,42313,4.66,4.66,28.540000915527344,27.59000015258789,https://ncas-radar-o.s3-ext.jc.rl.ac.uk/uk-wsr-visualizer-public/ukmo-nimrod/pvol/chenies/2026/04/15/lp/20260415_polar_pl_radar05_aggregate_lp_1200.h5
chenies,20260415,1200,lp,dataset2,1.0,153000,17864,0.11675816993464053,-9.5,0,0,153000,5196,131763,29329,38933,4.41,4.3,28.350000381469727,27.360000610351562,https://ncas-radar-o.s3-ext.jc.rl.ac.uk/uk-wsr-visualizer-public/ukmo-nimrod/pvol/chenies/2026/04/15/lp/20260415_polar_pl_radar05_aggregate_lp_1200.h5
chenies,20260415,1200,lp,dataset3,2.0,153000,4973,0.032503267973856206,-7.799999237060547,0,0,153000,3698,89518,25014,19975,4.22,4.13,28.219999313354492,27.219999313354492,https://ncas-radar-o.s3-ext.jc.rl.ac.uk/uk-wsr-visualizer-public/ukmo-nimrod/pvol/chenies/2026/04/15/lp/20260415_polar_pl_radar05_aggregate_lp_1200.h5
chenies,20260415,1200,lp,dataset4,3.0,153000,5149,0.03365359477124183,-8.600000381469727,0,0,153000,3796,89704,24838,20792,4.09,3.97,28.149999618530273,27.149999618530273,https://ncas-radar-o.s3-ext.jc.rl.ac.uk/uk-wsr-visualizer-public/ukmo-nimrod/pvol/chenies/2026/04/15/lp/20260415_polar_pl_radar05_aggregate_lp_1200.h5
chenies,20260415,1200,lp,dataset5,4.0,153000,5478,0.03580392156862745,-8.19999885559082,0,0,153000,3308,90023,24276,21462,4.15,3.99,28.110000610351562,27.09000015258789,https://ncas-radar-o.s3-ext.jc.rl.ac.uk/uk-wsr-visualizer-public/ukmo-nimrod/pvol/chenies/2026/04/15/lp/20260415_polar_pl_radar05_aggregate_lp_1200.h5
chenies,20260415,1200,sp,dataset1,1.0,68040,12875,0.18922692533803645,12.799999237060547,4710,0,68040,1807,59741,7228,40931,,,-32.0,-32.0,https://ncas-radar-o.s3-ext.jc.rl.ac.uk/uk-wsr-visualizer-public/ukmo-nimrod/pvol/chenies/2026/04/15/sp/20260415_polar_pl_radar05_aggregate_sp_1200.h5
chenies,20260415,1200,sp,dataset2,2.0,68040,15342,0.22548500881834216,12.60000228881836,5106,0,68040,1103,62648,4509,42520,,,-32.0,-32.0,https://ncas-radar-o.s3-ext.jc.rl.ac.uk/uk-wsr-visualizer-public/ukmo-nimrod/pvol/chenies/2026/04/15/sp/20260415_polar_pl_radar05_aggregate_sp_1200.h5
chenies,20260415,1200,sp,dataset3,4.0,68040,16633,0.2444591416813639,12.5,4946,0,68040,973,63615,3681,45853,,,-32.0,-32.0,https://ncas-radar-o.s3-ext.jc.rl.ac.uk/uk-wsr-visualizer-public/ukmo-nimrod/pvol/chenies/2026/04/15/sp/20260415_polar_pl_radar05_aggregate_sp_1200.h5
chenies,20260415,1200,sp,dataset4,6.0,68040,17576,0.25831863609641387,12.400001525878906,5029,0,68040,568,64661,3006,48223,,,-32.0,-32.0,https://ncas-radar-o.s3-ext.jc.rl.ac.uk/uk-wsr-visualizer-public/ukmo-nimrod/pvol/chenies/2026/04/15/sp/20260415_polar_pl_radar05_aggregate_sp_1200.h5
chenies,20260415,1200,sp,dataset5,9.0,68040,18653,0.2741475602586714,12.400001525878906,5047,0,68040,546,64840,2757,49352,,,-32.0,-32.0,https://ncas-radar-o.s3-ext.jc.rl.ac.uk/uk-wsr-visualizer-public/ukmo-nimrod/pvol/chenies/2026/04/15/sp/20260415_polar_pl_radar05_aggregate_sp_1200.h5
chenies,20260415,1200,sp,dataset6,89.9,57600,1010,0.017534722222222222,-7.69999885559082,0,0,57600,5468,35889,10031,6902,,,-32.0,-32.0,https://ncas-radar-o.s3-ext.jc.rl.ac.uk/uk-wsr-visualizer-public/ukmo-nimrod/pvol/chenies/2026/04/15/sp/20260415_polar_pl_radar05_aggregate_sp_1200.h5
chenies,20260711,2100,lp,dataset1,0.5,153000,20403,0.1333529411764706,-9.399999618530273,0,0,153000,6891,133417,31048,44293,4.92,4.81,28.02500057220459,28.639999389648438,https://ncas-radar-o.s3-ext.jc.rl.ac.uk/uk-wsr-visualizer-public/ukmo-nimrod/pvol/chenies/2026/07/11/lp/20260711_polar_pl_radar05_aggregate_lp_2100.h5
chenies,20260711,2100,lp,dataset2,1.0,153000,17981,0.11752287581699346,-9.399999618530273,0,0,153000,3778,134528,27264,40610,4.83,4.73,27.804999351501465,28.40999984741211,https://ncas-radar-o.s3-ext.jc.rl.ac.uk/uk-wsr-visualizer-public/ukmo-nimrod/pvol/chenies/2026/07/11/lp/20260711_polar_pl_radar05_aggregate_lp_2100.h5
chenies,20260711,2100,lp,dataset3,2.0,153000,4892,0.031973856209150324,-8.5,0,0,153000,2499,91446,23208,20064,4.56,4.38,27.68000030517578,28.270000457763672,https://ncas-radar-o.s3-ext.jc.rl.ac.uk/uk-wsr-visualizer-public/ukmo-nimrod/pvol/chenies/2026/07/11/lp/20260711_polar_pl_radar05_aggregate_lp_2100.h5
chenies,20260711,2100,lp,dataset4,3.0,153000,5174,0.033816993464052286,-8.0,0,0,153000,2603,91979,22742,20477,4.5,4.33,27.610000610351562,28.200000762939453,https://ncas-radar-o.s3-ext.jc.rl.ac.uk/uk-wsr-visualizer-public/ukmo-nimrod/pvol/chenies/2026/07/11/lp/20260711_polar_pl_radar05_aggregate_lp_2100.h5
chenies,20260711,2100,lp,dataset5,3.95,153000,5360,0.03503267973856209,-7.399999618530273,0,0,153000,2265,91448,22714,21037,4.38,4.28,27.559999465942383,28.15999984741211,https://ncas-radar-o.s3-ext.jc.rl.ac.uk/uk-wsr-visualizer-public/ukmo-nimrod/pvol/chenies/2026/07/11/lp/20260711_polar_pl_radar05_aggregate_lp_2100.h5
chenies,20260711,2100,sp,dataset1,1.0,68040,13406,0.19703115814226926,13.0,5150,0,68040,1282,61082,5621,41136,,,-32.0,-32.0,https://ncas-radar-o.s3-ext.jc.rl.ac.uk/uk-wsr-visualizer-public/ukmo-nimrod/pvol/chenies/2026/07/11/sp/20260711_polar_pl_radar05_aggregate_sp_2100.h5
chenies,20260711,2100,sp,dataset2,2.0,68040,14719,0.2163286302175191,12.900001525878906,5692,0,68040,714,63647,3464,40866,,,-32.0,-32.0,https://ncas-radar-o.s3-ext.jc.rl.ac.uk/uk-wsr-visualizer-public/ukmo-nimrod/pvol/chenies/2026/07/11/sp/20260711_polar_pl_radar05_aggregate_sp_2100.h5
chenies,20260711,2100,sp,dataset3,4.0,68040,15970,0.2347148736037625,12.799999237060547,5635,0,68040,606,64349,2658,42468,,,-32.0,-32.0,https://ncas-radar-o.s3-ext.jc.rl.ac.uk/uk-wsr-visualizer-public/ukmo-nimrod/pvol/chenies/2026/07/11/sp/20260711_polar_pl_radar05_aggregate_sp_2100.h5
chenies,20260711,2100,sp,dataset4,6.0,68040,16892,0.24826572604350383,12.799999237060547,5601,0,68040,436,65312,2234,45664,,,-32.0,-32.0,https://ncas-radar-o.s3-ext.jc.rl.ac.uk/uk-wsr-visualizer-public/ukmo-nimrod/pvol/chenies/2026/07/11/sp/20260711_polar_pl_radar05_aggregate_sp_2100.h5
chenies,20260711,2100,sp,dataset5,9.0,68040,18014,0.264756025867137,12.700000762939453,5430,0,68040,436,65341,2105,48429,,,-32.0,-32.0,https://ncas-radar-o.s3-ext.jc.rl.ac.uk/uk-wsr-visualizer-public/ukmo-nimrod/pvol/chenies/2026/07/11/sp/20260711_polar_pl_radar05_aggregate_sp_2100.h5
chenies,20260711,2100,sp,dataset6,89.9,57600,1099,0.01907986111111111,-7.399999618530273,0,0,57600,7021,35524,12330,7507,,,-32.0,-32.0,https://ncas-radar-o.s3-ext.jc.rl.ac.uk/uk-wsr-visualizer-public/ukmo-nimrod/pvol/chenies/2026/07/11/sp/20260711_polar_pl_radar05_aggregate_sp_2100.h5
clee-hill,20260115,0000,lp,dataset1,0.45,153000,16064,0.10499346405228759,-8.799999237060547,0,0,153000,25498,105020,57398,33439,2.15,2.61,24.469999313354492,23.8799991607666,https://ncas-radar-o.s3-ext.jc.rl.ac.uk/uk-wsr-visualizer-public/ukmo-nimrod/pvol/clee-hill/2026/01/15/lp/20260115_polar_pl_radar03_aggregate_lp_0000.h5
clee-hill,20260115,0000,lp,dataset2,1.0,153000,16484,0.10773856209150327,-10.0,0,0,153000,15876,109856,51967,35439,2.04,2.51,24.3799991607666,23.809999465942383,https://ncas-radar-o.s3-ext.jc.rl.ac.uk/uk-wsr-visualizer-public/ukmo-nimrod/pvol/clee-hill/2026/01/15/lp/20260115_polar_pl_radar03_aggregate_lp_0000.h5
clee-hill,20260115,0000,lp,dataset3,2.0,153000,4838,0.03162091503267974,-9.0,0,0,153000,14370,75306,43545,19832,2.02,2.44,24.270000457763672,23.700000762939453,https://ncas-radar-o.s3-ext.jc.rl.ac.uk/uk-wsr-visualizer-public/ukmo-nimrod/pvol/clee-hill/2026/01/15/lp/20260115_polar_pl_radar03_aggregate_lp_0000.h5
clee-hill,20260115,0000,lp,dataset4,3.0,153000,5024,0.032836601307189545,-8.899999618530273,0,0,153000,14476,74980,44274,19833,1.96,2.34,24.214999198913574,23.6299991607666,https://ncas-radar-o.s3-ext.jc.rl.ac.uk/uk-wsr-visualizer-public/ukmo-nimrod/pvol/clee-hill/2026/01/15/lp/20260115_polar_pl_radar03_aggregate_lp_0000.h5
clee-hill,20260115,0000,lp,dataset5,4.0,153000,5191,0.0339281045751634,-8.100000381469727,0,0,153000,13640,75759,41705,20092,1.89,2.29,24.18000030517578,23.600000381469727,https://ncas-radar-o.s3-ext.jc.rl.ac.uk/uk-wsr-visualizer-public/ukmo-nimrod/pvol/clee-hill/2026/01/15/lp/20260115_polar_pl_radar03_aggregate_lp_0000.h5
clee-hill,20260115,0000,sp,dataset1,1.0,68040,12822,0.18844797178130512,12.299999237060547,4324,0,68040,3319,47911,19913,34614,,,-32.0,-32.0,https://ncas-radar-o.s3-ext.jc.rl.ac.uk/uk-wsr-visualizer-public/ukmo-nimrod/pvol/clee-hill/2026/01/15/sp/20260115_polar_pl_radar03_aggregate_sp_0000.h5
clee-hill,20260115,0000,sp,dataset2,2.0,68040,14864,0.21845972957084067,12.200000762939453,4380,0,68040,3390,52006,14727,39615,,,-32.0,-32.0,https://ncas-radar-o.s3-ext.jc.rl.ac.uk/uk-wsr-visualizer-public/ukmo-nimrod/pvol/clee-hill/2026/01/15/sp/20260115_polar_pl_radar03_aggregate_sp_0000.h5
clee-hill,20260115,0000,sp,dataset3,4.0,68040,15331,0.2253233392122281,12.10000228881836,4244,0,68040,2949,52532,13542,40357,,,-32.0,-32.0,https://ncas-radar-o.s3-ext.jc.rl.ac.uk/uk-wsr-visualizer-public/ukmo-nimrod/pvol/clee-hill/2026/01/15/sp/20260115_polar_pl_radar03_aggregate_sp_0000.h5
clee-hill,20260115,0000,sp,dataset4,6.0,68040,15639,0.2298500881834215,12.10000228881836,4234,0,68040,1951,54080,11990,41745,,,-32.0,-32.0,https://ncas-radar-o.s3-ext.jc.rl.ac.uk/uk-wsr-visualizer-public/ukmo-nimrod/pvol/clee-hill/2026/01/15/sp/20260115_polar_pl_radar03_aggregate_sp_0000.h5
clee-hill,20260115,0000,sp,dataset5,9.0,68040,15661,0.2301734273956496,12.10000228881836,4295,0,68040,1872,54613,11924,42628,,,-32.0,-32.0,https://ncas-radar-o.s3-ext.jc.rl.ac.uk/uk-wsr-visualizer-public/ukmo-nimrod/pvol/clee-hill/2026/01/15/sp/20260115_polar_pl_radar03_aggregate_sp_0000.h5
clee-hill,20260115,0000,sp,dataset6,89.9,57600,600,0.010416666666666666,-7.600000381469727,0,0,57600,16771,13717,31030,2873,,,-32.0,-32.0,https://ncas-radar-o.s3-ext.jc.rl.ac.uk/uk-wsr-visualizer-public/ukmo-nimrod/pvol/clee-hill/2026/01/15/sp/20260115_polar_pl_radar03_aggregate_sp_0000.h5
clee-hill,20260415,1200,lp,dataset1,0.45,153000,14852,0.0970718954248366,-8.799999237060547,0,0,153000,10367,121542,38876,29959,2.76,2.77,24.93000030517578,24.25,https://ncas-radar-o.s3-ext.jc.rl.ac.uk/uk-wsr-visualizer-public/ukmo-nimrod/pvol/clee-hill/2026/04/15/lp/20260415_polar_pl_radar03_aggregate_lp_1200.h5
clee-hill,20260415,1200,lp,dataset2,1.0,153000,14537,0.09501307189542484,-9.600000381469727,0,0,153000,3760,127629,30585,30249,2.69,2.69,24.84000015258789,24.15999984741211,https://ncas-radar-o.s3-ext.jc.rl.ac.uk/uk-wsr-visualizer-public/ukmo-nimrod/pvol/clee-hill/2026/04/15/lp/20260415_polar_pl_radar03_aggregate_lp_1200.h5
clee-hill,20260415,1200,lp,dataset3,2.0,153000,4187,0.027366013071895425,-8.19999885559082,0,0,153000,4096,89280,26549,16887,2.58,2.56,24.760000228881836,24.059999465942383,https://ncas-radar-o.s3-ext.jc.rl.ac.uk/uk-wsr-visualizer-public/ukmo-nimrod/pvol/clee-hill/2026/04/15/lp/20260415_polar_pl_radar03_aggregate_lp_1200.h5
clee-hill,20260415,1200,lp,dataset4,3.0,153000,4523,0.029562091503267975,-8.5,0,0,153000,5002,88710,27517,17779,2.5,2.52,24.709999084472656,24.020000457763672,https://ncas-radar-o.s3-ext.jc.rl.ac.uk/uk-wsr-visualizer-public/ukmo-nimrod/pvol/clee-hill/2026/04/15/lp/20260415_polar_pl_radar03_aggregate_lp_1200.h5
clee-hill,20260415,1200,lp,dataset5,4.0,153000,4734,0.030941176470588236,-8.19999885559082,0,0,153000,4605,89253,25982,18623,2.55,2.52,24.68000030517578,23.969999313354492,https://ncas-radar-o.s3-ext.jc.rl.ac.uk/uk-wsr-visualizer-public/ukmo-nimrod/pvol/clee-hill/2026/04/15/lp/20260415_polar_pl_radar03_aggregate_lp_1200.h5
clee-hill,20260415,1200,sp,dataset1,1.0,68040,8711,0.12802763080540858,12.799999237060547,4319,0,68040,498,59629,5702,19672,,,-32.0,-32.0,https://ncas-radar-o.s3-ext.jc.rl.ac.uk/uk-wsr-visualizer-public/ukmo-nimrod/pvol/clee-hill/2026/04/15/sp/20260415_polar_pl_radar03_aggregate_sp_1200.h5
clee-hill,20260415,1200,sp,dataset2,2.0,68040,10628,0.15620223398001176,12.700000762939453,4488,0,68040,537,61824,3418,25506,,,-32.0,-32.0,https://ncas-radar-o.s3-ext.jc.rl.ac.uk/uk-wsr-visualizer-public/ukmo-nimrod/pvol/clee-hill/2026/04/15/sp/20260415_polar_pl_radar03_aggregate_sp_1200.h5
clee-hill,20260415,1200,sp,dataset3,4.0,68040,12332,0.18124632569077012,12.5,5118,0,68040,547,61905,3672,31321,,,-32.0,-32.0,https://ncas-radar-o.s3-ext.jc.rl.ac.uk/uk-wsr-visualizer-public/ukmo-nimrod/pvol/clee-hill/2026/04/15/sp/20260415_polar_pl_radar03_aggregate_sp_1200.h5
clee-hill,20260415,1200,sp,dataset4,6.0,68040,13288,0.19529688418577307,12.60000228881836,5257,0,68040,422,62564,3188,33145,,,-32.0,-32.0,https://ncas-radar-o.s3-ext.jc.rl.ac.uk/uk-wsr-visualizer-public/ukmo-nimrod/pvol/clee-hill/2026/04/15/sp/20260415_polar_pl_radar03_aggregate_sp_1200.h5
clee-hill,20260415,1200,sp,dataset5,9.0,68040,14550,0.2138447971781305,12.5,5139,0,68040,405,62597,3166,37943,,,-32.0,-32.0,https://ncas-radar-o.s3-ext.jc.rl.ac.uk/uk-wsr-visualizer-public/ukmo-nimrod/pvol/clee-hill/2026/04/15/sp/20260415_polar_pl_radar03_aggregate_sp_1200.h5
clee-hill,20260415,1200,sp,dataset6,89.9,57600,316,0.005486111111111111,-7.19999885559082,0,0,57600,3699,27795,10783,2387,,,-32.0,-32.0,https://ncas-radar-o.s3-ext.jc.rl.ac.uk/uk-wsr-visualizer-public/ukmo-nimrod/pvol/clee-hill/2026/04/15/sp/20260415_polar_pl_radar03_aggregate_sp_1200.h5
clee-hill,20260711,2100,lp,dataset1,0.45,153000,15501,0.10131372549019607,-8.799999237060547,0,0,153000,22549,106008,55313,35542,3.38,3.36,25.079999923706055,24.440000534057617,https://ncas-radar-o.s3-ext.jc.rl.ac.uk/uk-wsr-visualizer-public/ukmo-nimrod/pvol/clee-hill/2026/07/11/lp/20260711_polar_pl_radar03_aggregate_lp_2100.h5
clee-hill,20260711,2100,lp,dataset2,1.0,153000,16257,0.10625490196078431,-9.399999618530273,0,0,153000,12051,112832,47054,36113,3.41,3.37,24.959999084472656,24.31999969482422,https://ncas-radar-o.s3-ext.jc.rl.ac.uk/uk-wsr-visualizer-public/ukmo-nimrod/pvol/clee-hill/2026/07/11/lp/20260711_polar_pl_radar03_aggregate_lp_2100.h5
clee-hill,20260711,2100,lp,dataset3,2.0,153000,4914,0.03211764705882353,-8.19999885559082,0,0,153000,11185,77808,38934,19713,3.05,3.26,24.850000381469727,24.219999313354492,https://ncas-radar-o.s3-ext.jc.rl.ac.uk/uk-wsr-visualizer-public/ukmo-nimrod/pvol/clee-hill/2026/07/11/lp/20260711_polar_pl_radar03_aggregate_lp_2100.h5
clee-hill,20260711,2100,lp,dataset4,3.0,153000,4953,0.032372549019607844,-8.399999618530273,0,0,153000,11679,76927,40456,19779,3.08,3.27,24.809999465942383,24.18000030517578,https://ncas-radar-o.s3-ext.jc.rl.ac.uk/uk-wsr-visualizer-public/ukmo-nimrod/pvol/clee-hill/2026/07/11/lp/20260711_polar_pl_radar03_aggregate_lp_2100.h5
clee-hill,20260711,2100,lp,dataset5,4.0,153000,5045,0.032973856209150325,-8.299999237060547,0,0,153000,11724,78068,38499,20133,3.27,3.19,24.760000228881836,24.1299991607666,https://ncas-radar-o.s3-ext.jc.rl.ac.uk/uk-wsr-visualizer-public/ukmo-nimrod/pvol/clee-hill/2026/07/11/lp/20260711_polar_pl_radar03_aggregate_lp_2100.h5
clee-hill,20260711,2100,sp,dataset1,1.0,68040,12346,0.18145208700764257,12.900001525878906,5581,0,68040,2647,50140,14522,33877,,,-32.0,-32.0,https://ncas-radar-o.s3-ext.jc.rl.ac.uk/uk-wsr-visualizer-public/ukmo-nimrod/pvol/clee-hill/2026/07/11/sp/20260711_polar_pl_radar03_aggregate_sp_2100.h5
clee-hill,20260711,2100,sp,dataset2,2.0,68040,14948,0.21969429747207525,12.799999237060547,5534,0,68040,2698,53776,11192,39000,,,-32.0,-32.0,https://ncas-radar-o.s3-ext.jc.rl.ac.uk/uk-wsr-visualizer-public/ukmo-nimrod/pvol/clee-hill/2026/07/11/sp/20260711_polar_pl_radar03_aggregate_sp_2100.h5
clee-hill,20260711,2100,sp,dataset3,4.0,68040,15687,0.23055555555555557,12.700000762939453,5358,0,68040,2356,54192,10613,40697,,,-32.0,-32.0,https://ncas-radar-o.s3-ext.jc.rl.ac.uk/uk-wsr-visualizer-public/ukmo-nimrod/pvol/clee-hill/2026/07/11/sp/20260711_polar_pl_radar03_aggregate_sp_2100.h5
clee-hill,20260711,2100,sp,dataset4,6.0,68040,16153,0.2374044679600235,12.700000762939453,5400,0,68040,1665,55478,9828,42151,,,-32.0,-32.0,https://ncas-radar-o.s3-ext.jc.rl.ac.uk/uk-wsr-visualizer-public/ukmo-nimrod/pvol/clee-hill/2026/07/11/sp/20260711_polar_pl_radar03_aggregate_sp_2100.h5
clee-hill,20260711,2100,sp,dataset5,9.0,68040,16767,0.24642857142857144,12.700000762939453,5263,0,68040,1629,55936,10143,43330,,,-32.0,-32.0,https://ncas-radar-o.s3-ext.jc.rl.ac.uk/uk-wsr-visualizer-public/ukmo-nimrod/pvol/clee-hill/2026/07/11/sp/20260711_polar_pl_radar03_aggregate_sp_2100.h5
clee-hill,20260711,2100,sp,dataset6,89.9,57600,542,0.009409722222222222,-7.100000381469727,0,0,57600,16224,15016,29932,3157,,,-32.0,-32.0,https://ncas-radar-o.s3-ext.jc.rl.ac.uk/uk-wsr-visualizer-public/ukmo-nimrod/pvol/clee-hill/2026/07/11/sp/20260711_polar_pl_radar03_aggregate_sp_2100.h5
cobbacombe,20260115,0000,lp,dataset1,0.5,153000,20802,0.1359607843137255,-9.600000381469727,0,0,153000,14097,125672,38240,42618,4.24,4.59,24.510000228881836,24.139999389648438,https://ncas-radar-o.s3-ext.jc.rl.ac.uk/uk-wsr-visualizer-public/ukmo-nimrod/pvol/cobbacombe/2026/01/15/lp/20260115_polar_pl_radar16_aggregate_lp_0000.h5
cobbacombe,20260115,0000,lp,dataset2,1.0,153000,19593,0.12805882352941175,-9.399999618530273,0,0,153000,10748,126227,35061,40997,4.04,4.46,24.3700008392334,24.0,https://ncas-radar-o.s3-ext.jc.rl.ac.uk/uk-wsr-visualizer-public/ukmo-nimrod/pvol/cobbacombe/2026/01/15/lp/20260115_polar_pl_radar16_aggregate_lp_0000.h5
cobbacombe,20260115,0000,lp,dataset3,2.0,153000,5427,0.035470588235294115,-8.799999237060547,0,0,153000,7504,84654,30885,21168,3.86,4.29,24.25,23.889999389648438,https://ncas-radar-o.s3-ext.jc.rl.ac.uk/uk-wsr-visualizer-public/ukmo-nimrod/pvol/cobbacombe/2026/01/15/lp/20260115_polar_pl_radar16_aggregate_lp_0000.h5
cobbacombe,20260115,0000,lp,dataset4,3.0,153000,5454,0.035647058823529414,-9.600000381469727,0,0,153000,6862,85131,29775,21139,3.81,4.25,24.18000030517578,23.829999923706055,https://ncas-radar-o.s3-ext.jc.rl.ac.uk/uk-wsr-visualizer-public/ukmo-nimrod/pvol/cobbacombe/2026/01/15/lp/20260115_polar_pl_radar16_aggregate_lp_0000.h5
cobbacombe,20260115,0000,lp,dataset5,3.95,153000,5669,0.037052287581699345,-9.299999237060547,0,0,153000,5986,85143,29047,21961,3.91,4.22,24.149999618530273,23.799999237060547,https://ncas-radar-o.s3-ext.jc.rl.ac.uk/uk-wsr-visualizer-public/ukmo-nimrod/pvol/cobbacombe/2026/01/15/lp/20260115_polar_pl_radar16_aggregate_lp_0000.h5
cobbacombe,20260115,0000,sp,dataset1,1.0,68040,13877,0.2039535567313345,12.0,3577,0,68040,3908,53652,13065,38341,,,-32.0,-32.0,https://ncas-radar-o.s3-ext.jc.rl.ac.uk/uk-wsr-visualizer-public/ukmo-nimrod/pvol/cobbacombe/2026/01/15/sp/20260115_polar_pl_radar16_aggregate_sp_0000.h5
cobbacombe,20260115,0000,sp,dataset2,2.0,68040,16206,0.23818342151675484,11.900001525878906,3796,0,68040,2074,57858,9295,42637,,,-32.0,-32.0,https://ncas-radar-o.s3-ext.jc.rl.ac.uk/uk-wsr-visualizer-public/ukmo-nimrod/pvol/cobbacombe/2026/01/15/sp/20260115_polar_pl_radar16_aggregate_sp_0000.h5
cobbacombe,20260115,0000,sp,dataset3,4.0,68040,16975,0.24948559670781892,11.799999237060547,3688,0,68040,1671,60052,7331,45088,,,-32.0,-32.0,https://ncas-radar-o.s3-ext.jc.rl.ac.uk/uk-wsr-visualizer-public/ukmo-nimrod/pvol/cobbacombe/2026/01/15/sp/20260115_polar_pl_radar16_aggregate_sp_0000.h5
cobbacombe,20260115,0000,sp,dataset4,6.0,68040,17596,0.25861258083480304,11.799999237060547,3839,0,68040,1839,60070,7159,46463,,,-32.0,-32.0,https://ncas-radar-o.s3-ext.jc.rl.ac.uk/uk-wsr-visualizer-public/ukmo-nimrod/pvol/cobbacombe/2026/01/15/sp/20260115_polar_pl_radar16_aggregate_sp_0000.h5
cobbacombe,20260115,0000,sp,dataset5,9.0,68040,17522,0.2575249853027631,11.700000762939453,3615,0,68040,1493,60183,7356,47396,,,-32.0,-32.0,https://ncas-radar-o.s3-ext.jc.rl.ac.uk/uk-wsr-visualizer-public/ukmo-nimrod/pvol/cobbacombe/2026/01/15/sp/20260115_polar_pl_radar16_aggregate_sp_0000.h5
cobbacombe,20260115,0000,sp,dataset6,89.9,57600,642,0.011145833333333334,-8.19999885559082,0,0,57600,14824,14731,28144,3260,,,-32.0,-32.0,https://ncas-radar-o.s3-ext.jc.rl.ac.uk/uk-wsr-visualizer-public/ukmo-nimrod/pvol/cobbacombe/2026/01/15/sp/20260115_polar_pl_radar16_aggregate_sp_0000.h5
cobbacombe,20260415,1200,lp,dataset1,0.5,153000,17236,0.11265359477124183,-9.899999618530273,0,0,153000,5081,134213,27444,34866,4.67,4.81,24.809999465942383,24.09000015258789,https://ncas-radar-o.s3-ext.jc.rl.ac.uk/uk-wsr-visualizer-public/ukmo-nimrod/pvol/cobbacombe/2026/04/15/lp/20260415_polar_pl_radar16_aggregate_lp_1200.h5
cobbacombe,20260415,1200,lp,dataset2,1.0,153000,15636,0.10219607843137254,-10.100000381469727,0,0,153000,2803,134908,23821,32410,4.53,4.68,24.700000762939453,23.979999542236328,https://ncas-radar-o.s3-ext.jc.rl.ac.uk/uk-wsr-visualizer-public/ukmo-nimrod/pvol/cobbacombe/2026/04/15/lp/20260415_polar_pl_radar16_aggregate_lp_1200.h5
cobbacombe,20260415,1200,lp,dataset3,2.0,153000,4356,0.02847058823529412,-8.799999237060547,0,0,153000,1604,94164,21191,17385,4.39,4.62,24.579999923706055,23.8799991607666,https://ncas-radar-o.s3-ext.jc.rl.ac.uk/uk-wsr-visualizer-public/ukmo-nimrod/pvol/cobbacombe/2026/04/15/lp/20260415_polar_pl_radar16_aggregate_lp_1200.h5
cobbacombe,20260415,1200,lp,dataset4,3.0,153000,4577,0.02991503267973856,-8.600000381469727,0,0,153000,1707,94164,21279,18158,4.38,4.51,24.5,23.799999237060547,https://ncas-radar-o.s3-ext.jc.rl.ac.uk/uk-wsr-visualizer-public/ukmo-nimrod/pvol/cobbacombe/2026/04/15/lp/20260415_polar_pl_radar16_aggregate_lp_1200.h5
cobbacombe,20260415,1200,lp,dataset5,3.95,153000,4869,0.03182352941176471,-9.399999618530273,0,0,153000,1428,93750,20737,18939,4.35,4.52,24.445000648498535,23.75,https://ncas-radar-o.s3-ext.jc.rl.ac.uk/uk-wsr-visualizer-public/ukmo-nimrod/pvol/cobbacombe/2026/04/15/lp/20260415_polar_pl_radar16_aggregate_lp_1200.h5
cobbacombe,20260415,1200,sp,dataset1,1.0,68040,9265,0.13616990005878896,12.299999237060547,3536,0,68040,1181,59312,3922,21309,,,-32.0,-32.0,https://ncas-radar-o.s3-ext.jc.rl.ac.uk/uk-wsr-visualizer-public/ukmo-nimrod/pvol/cobbacombe/2026/04/15/sp/20260415_polar_pl_radar16_aggregate_sp_1200.h5
cobbacombe,20260415,1200,sp,dataset2,2.0,68040,10598,0.15576131687242797,12.200000762939453,3459,0,68040,388,62578,1957,23131,,,-32.0,-32.0,https://ncas-radar-o.s3-ext.jc.rl.ac.uk/uk-wsr-visualizer-public/ukmo-nimrod/pvol/cobbacombe/2026/04/15/sp/20260415_polar_pl_radar16_aggregate_sp_1200.h5
cobbacombe,20260415,1200,sp,dataset3,4.0,68040,12478,0.18339212228101118,12.0,3890,0,68040,393,64173,1544,30752,,,-32.0,-32.0,https://ncas-radar-o.s3-ext.jc.rl.ac.uk/uk-wsr-visualizer-public/ukmo-nimrod/pvol/cobbacombe/2026/04/15/sp/20260415_polar_pl_radar16_aggregate_sp_1200.h5
cobbacombe,20260415,1200,sp,dataset4,6.0,68040,14280,0.20987654320987653,12.0,3944,0,68040,404,64301,1504,36086,,,-32.0,-32.0,https://ncas-radar-o.s3-ext.jc.rl.ac.uk/uk-wsr-visualizer-public/ukmo-nimrod/pvol/cobbacombe/2026/04/15/sp/20260415_polar_pl_radar16_aggregate_sp_1200.h5
cobbacombe,20260415,1200,sp,dataset5,9.0,68040,15169,0.2229423868312757,11.900001525878906,3670,0,68040,459,64053,1711,41341,,,-32.0,-32.0,https://ncas-radar-o.s3-ext.jc.rl.ac.uk/uk-wsr-visualizer-public/ukmo-nimrod/pvol/cobbacombe/2026/04/15/sp/20260415_polar_pl_radar16_aggregate_sp_1200.h5
cobbacombe,20260415,1200,sp,dataset6,89.9,57600,422,0.007326388888888889,-8.100000381469727,0,0,57600,8150,19853,18310,2997,,,-32.0,-32.0,https://ncas-radar-o.s3-ext.jc.rl.ac.uk/uk-wsr-visualizer-public/ukmo-nimrod/pvol/cobbacombe/2026/04/15/sp/20260415_polar_pl_radar16_aggregate_sp_1200.h5
cobbacombe,20260711,2100,lp,dataset1,0.5,153000,19586,0.12801307189542482,-8.69999885559082,0,0,153000,10194,128123,34205,42897,4.09,4.44,25.520000457763672,24.229999542236328,https://ncas-radar-o.s3-ext.jc.rl.ac.uk/uk-wsr-visualizer-public/ukmo-nimrod/pvol/cobbacombe/2026/07/11/lp/20260711_polar_pl_radar16_aggregate_lp_2100.h5
cobbacombe,20260711,2100,lp,dataset2,1.0,153000,18375,0.12009803921568628,-8.5,0,0,153000,6291,130017,29710,40288,4.68,4.78,25.389999389648438,24.1299991607666,https://ncas-radar-o.s3-ext.jc.rl.ac.uk/uk-wsr-visualizer-public/ukmo-nimrod/pvol/cobbacombe/2026/07/11/lp/20260711_polar_pl_radar16_aggregate_lp_2100.h5
cobbacombe,20260711,2100,lp,dataset3,2.0,153000,5135,0.03356209150326797,-7.399999618530273,0,0,153000,3552,87539,25630,20883,4.54,4.66,25.299999237060547,24.049999237060547,https://ncas-radar-o.s3-ext.jc.rl.ac.uk/uk-wsr-visualizer-public/ukmo-nimrod/pvol/cobbacombe/2026/07/11/lp/20260711_polar_pl_radar16_aggregate_lp_2100.h5
cobbacombe,20260711,2100,lp,dataset4,3.0,153000,5305,0.03467320261437908,-7.799999237060547,0,0,153000,3998,87857,25610,21122,4.43,4.59,25.229999542236328,23.994999885559082,https://ncas-radar-o.s3-ext.jc.rl.ac.uk/uk-wsr-visualizer-public/ukmo-nimrod/pvol/cobbacombe/2026/07/11/lp/20260711_polar_pl_radar16_aggregate_lp_2100.h5
cobbacombe,20260711,2100,lp,dataset5,3.95,153000,5552,0.036287581699346406,-8.100000381469727,0,0,153000,3558,87905,25121,21670,4.41,4.57,25.18000030517578,23.950000762939453,https://ncas-radar-o.s3-ext.jc.rl.ac.uk/uk-wsr-visualizer-public/ukmo-nimrod/pvol/cobbacombe/2026/07/11/lp/20260711_polar_pl_radar16_aggregate_lp_2100.h5
cobbacombe,20260711,2100,sp,dataset1,1.0,68040,12929,0.19002057613168724,13.5,6164,0,68040,2440,56504,7734,36967,,,-32.0,-32.0,https://ncas-radar-o.s3-ext.jc.rl.ac.uk/uk-wsr-visualizer-public/ukmo-nimrod/pvol/cobbacombe/2026/07/11/sp/20260711_polar_pl_radar16_aggregate_sp_2100.h5
cobbacombe,20260711,2100,sp,dataset2,2.0,68040,14677,0.21571134626690183,13.299999237060547,6246,0,68040,989,60738,3948,40277,,,-32.0,-32.0,https://ncas-radar-o.s3-ext.jc.rl.ac.uk/uk-wsr-visualizer-public/ukmo-nimrod/pvol/cobbacombe/2026/07/11/sp/20260711_polar_pl_radar16_aggregate_sp_2100.h5
cobbacombe,20260711,2100,sp,dataset3,4.0,68040,16838,0.24747207524985304,13.299999237060547,6456,0,68040,873,61936,3611,44406,,,-32.0,-32.0,https://ncas-radar-o.s3-ext.jc.rl.ac.uk/uk-wsr-visualizer-public/ukmo-nimrod/pvol/cobbacombe/2026/07/11/sp/20260711_polar_pl_radar16_aggregate_sp_2100.h5
cobbacombe,20260711,2100,sp,dataset4,6.0,68040,17552,0.25796590241034684,13.200000762939453,6322,0,68040,1072,61566,4062,46006,,,-32.0,-32.0,https://ncas-radar-o.s3-ext.jc.rl.ac.uk/uk-wsr-visualizer-public/ukmo-nimrod/pvol/cobbacombe/2026/07/11/sp/20260711_polar_pl_radar16_aggregate_sp_2100.h5
cobbacombe,20260711,2100,sp,dataset5,9.0,68040,18449,0.2711493239271017,13.200000762939453,6611,0,68040,871,61609,4563,47572,,,-32.0,-32.0,https://ncas-radar-o.s3-ext.jc.rl.ac.uk/uk-wsr-visualizer-public/ukmo-nimrod/pvol/cobbacombe/2026/07/11/sp/20260711_polar_pl_radar16_aggregate_sp_2100.h5
cobbacombe,20260711,2100,sp,dataset6,89.9,57600,621,0.01078125,-6.799999237060547,0,0,57600,13180,17243,24760,3682,,,-32.0,-32.0,https://ncas-radar-o.s3-ext.jc.rl.ac.uk/uk-wsr-visualizer-public/ukmo-nimrod/pvol/cobbacombe/2026/07/11/sp/20260711_polar_pl_radar16_aggregate_sp_2100.h5
crug-y-gorrllwyn,20260115,0000,lp,dataset1,0.5,153000,20587,0.13455555555555557,-10.0,0,0,153000,15753,122663,41937,41645,4.44,5.1,23.709999084472656,23.68000030517578,https://ncas-radar-o.s3-ext.jc.rl.ac.uk/uk-wsr-visualizer-public/ukmo-nimrod/pvol/crug-y-gorrllwyn/2026/01/15/lp/20260115_polar_pl_radar10_aggregate_lp_0000.h5
crug-y-gorrllwyn,20260115,0000,lp,dataset2,1.0,153000,19933,0.130281045751634,-9.69999885559082,0,0,153000,11958,123871,38971,41314,4.36,4.98,23.610000610351562,23.59000015258789,https://ncas-radar-o.s3-ext.jc.rl.ac.uk/uk-wsr-visualizer-public/ukmo-nimrod/pvol/crug-y-gorrllwyn/2026/01/15/lp/20260115_polar_pl_radar10_aggregate_lp_0000.h5
crug-y-gorrllwyn,20260115,0000,lp,dataset3,2.0,153000,5479,0.03581045751633987,-8.399999618530273,0,0,153000,7946,83138,33254,21643,4.26,4.94,23.530000686645508,23.510000228881836,https://ncas-radar-o.s3-ext.jc.rl.ac.uk/uk-wsr-visualizer-public/ukmo-nimrod/pvol/crug-y-gorrllwyn/2026/01/15/lp/20260115_polar_pl_radar10_aggregate_lp_0000.h5
crug-y-gorrllwyn,20260115,0000,lp,dataset4,3.0,153000,5389,0.035222222222222224,-8.899999618530273,0,0,153000,8177,83239,32834,21448,4.2,4.92,23.479999542236328,23.469999313354492,https://ncas-radar-o.s3-ext.jc.rl.ac.uk/uk-wsr-visualizer-public/ukmo-nimrod/pvol/crug-y-gorrllwyn/2026/01/15/lp/20260115_polar_pl_radar10_aggregate_lp_0000.h5
crug-y-gorrllwyn,20260115,0000,lp,dataset5,4.0,153000,5378,0.03515032679738562,-8.69999885559082,0,0,153000,7833,83651,32478,21400,4.18,4.87,23.459999084472656,23.450000762939453,https://ncas-radar-o.s3-ext.jc.rl.ac.uk/uk-wsr-visualizer-public/ukmo-nimrod/pvol/crug-y-gorrllwyn/2026/01/15/lp/20260115_polar_pl_radar10_aggregate_lp_0000.h5
crug-y-gorrllwyn,20260115,0000,sp,dataset1,1.0,68040,15484,0.22757201646090536,12.60000228881836,5127,0,68040,3925,53363,15169,40354,,,-32.0,-32.0,https://ncas-radar-o.s3-ext.jc.rl.ac.uk/uk-wsr-visualizer-public/ukmo-nimrod/pvol/crug-y-gorrllwyn/2026/01/15/sp/20260115_polar_pl_radar10_aggregate_sp_0000.h5
crug-y-gorrllwyn,20260115,0000,sp,dataset2,2.0,68040,16868,0.2479129923574368,12.5,5129,0,68040,2386,58115,10791,44967,,,-32.0,-32.0,https://ncas-radar-o.s3-ext.jc.rl.ac.uk/uk-wsr-visualizer-public/ukmo-nimrod/pvol/crug-y-gorrllwyn/2026/01/15/sp/20260115_polar_pl_radar10_aggregate_sp_0000.h5
crug-y-gorrllwyn,20260115,0000,sp,dataset3,4.0,68040,17083,0.25107289829512053,12.400001525878906,4890,0,68040,2487,58465,9794,45775,,,-32.0,-32.0,https://ncas-radar-o.s3-ext.jc.rl.ac.uk/uk-wsr-visualizer-public/ukmo-nimrod/pvol/crug-y-gorrllwyn/2026/01/15/sp/20260115_polar_pl_radar10_aggregate_sp_0000.h5
crug-y-gorrllwyn,20260115,0000,sp,dataset4,6.0,68040,17514,0.2574074074074074,12.400001525878906,4901,0,68040,2180,58655,9357,45895,,,-32.0,-32.0,https://ncas-radar-o.s3-ext.jc.rl.ac.uk/uk-wsr-visualizer-public/ukmo-nimrod/pvol/crug-y-gorrllwyn/2026/01/15/sp/20260115_polar_pl_radar10_aggregate_sp_0000.h5
crug-y-gorrllwyn,20260115,0000,sp,dataset5,9.0,68040,17964,0.26402116402116405,12.400001525878906,4870,0,68040,1639,59185,8885,46681,,,-32.0,-32.0,https://ncas-radar-o.s3-ext.jc.rl.ac.uk/uk-wsr-visualizer-public/ukmo-nimrod/pvol/crug-y-gorrllwyn/2026/01/15/sp/20260115_polar_pl_radar10_aggregate_sp_0000.h5
crug-y-gorrllwyn,20260115,0000,sp,dataset6,89.9,57600,754,0.013090277777777777,-7.600000381469727,0,0,57600,13496,18891,23433,4361,,,-32.0,-32.0,https://ncas-radar-o.s3-ext.jc.rl.ac.uk/uk-wsr-visualizer-public/ukmo-nimrod/pvol/crug-y-gorrllwyn/2026/01/15/sp/20260115_polar_pl_radar10_aggregate_sp_0000.h5
crug-y-gorrllwyn,20260415,1200,lp,dataset1,0.5,153000,15925,0.10408496732026144,-8.19999885559082,0,0,153000,11864,124977,36520,32115,4.44,5.08,23.760000228881836,23.829999923706055,https://ncas-radar-o.s3-ext.jc.rl.ac.uk/uk-wsr-visualizer-public/ukmo-nimrod/pvol/crug-y-gorrllwyn/2026/04/15/lp/20260415_polar_pl_radar10_aggregate_lp_1200.h5
crug-y-gorrllwyn,20260415,1200,lp,dataset2,1.0,153000,15257,0.099718954248366,-9.19999885559082,0,0,153000,8551,125702,33874,32130,4.46,5.29,23.65999984741211,23.739999771118164,https://ncas-radar-o.s3-ext.jc.rl.ac.uk/uk-wsr-visualizer-public/ukmo-nimrod/pvol/crug-y-gorrllwyn/2026/04/15/lp/20260415_polar_pl_radar10_aggregate_lp_1200.h5
crug-y-gorrllwyn,20260415,1200,lp,dataset3,2.0,153000,4630,0.03026143790849673,-8.69999885559082,0,0,153000,6393,85681,29614,19116,4.24,5.3,23.559999465942383,23.649999618530273,https://ncas-radar-o.s3-ext.jc.rl.ac.uk/uk-wsr-visualizer-public/ukmo-nimrod/pvol/crug-y-gorrllwyn/2026/04/15/lp/20260415_polar_pl_radar10_aggregate_lp_1200.h5
crug-y-gorrllwyn,20260415,1200,lp,dataset4,3.0,153000,5058,0.033058823529411765,-8.899999618530273,0,0,153000,6582,85397,29608,20326,4.4,5.22,23.5,23.600000381469727,https://ncas-radar-o.s3-ext.jc.rl.ac.uk/uk-wsr-visualizer-public/ukmo-nimrod/pvol/crug-y-gorrllwyn/2026/04/15/lp/20260415_polar_pl_radar10_aggregate_lp_1200.h5
crug-y-gorrllwyn,20260415,1200,lp,dataset5,4.0,153000,5240,0.03424836601307189,-8.69999885559082,0,0,153000,6407,85367,29334,20630,4.21,5.12,23.469999313354492,23.56999969482422,https://ncas-radar-o.s3-ext.jc.rl.ac.uk/uk-wsr-visualizer-public/ukmo-nimrod/pvol/crug-y-gorrllwyn/2026/04/15/lp/20260415_polar_pl_radar10_aggregate_lp_1200.h5
crug-y-gorrllwyn,20260415,1200,sp,dataset1,0.95,68040,11944,0.17554379776602,12.700000762939453,4299,0,68040,3098,54208,11603,30629,,,-32.0,-32.0,https://ncas-radar-o.s3-ext.jc.rl.ac.uk/uk-wsr-visualizer-public/ukmo-nimrod/pvol/crug-y-gorrllwyn/2026/04/15/sp/20260415_polar_pl_radar10_aggregate_sp_1200.h5
crug-y-gorrllwyn,20260415,1200,sp,dataset2,2.0,68040,14354,0.21096413874191652,12.5,4502,0,68040,1812,58307,8178,37906,,,-32.0,-32.0,https://ncas-radar-o.s3-ext.jc.rl.ac.uk/uk-wsr-visualizer-public/ukmo-nimrod/pvol/crug-y-gorrllwyn/2026/04/15/sp/20260415_polar_pl_radar10_aggregate_sp_1200.h5
crug-y-gorrllwyn,20260415,1200,sp,dataset3,4.0,68040,15195,0.22332451499118167,12.400001525878906,4611,0,68040,1845,58775,7410,41415,,,-32.0,-32.0,https://ncas-radar-o.s3-ext.jc.rl.ac.uk/uk-wsr-visualizer-public/ukmo-nimrod/pvol/crug-y-gorrllwyn/2026/04/15/sp/20260415_polar_pl_radar10_aggregate_sp_1200.h5
crug-y-gorrllwyn,20260415,1200,sp,dataset4,6.0,68040,15865,0.23317166372721929,12.400001525878906,4726,0,68040,1613,59094,6964,43134,,,-32.0,-32.0,https://ncas-radar-o.s3-ext.jc.rl.ac.uk/uk-wsr-visualizer-public/ukmo-nimrod/pvol/crug-y-gorrllwyn/2026/04/15/sp/20260415_polar_pl_radar10_aggregate_sp_1200.h5
crug-y-gorrllwyn,20260415,1200,sp,dataset5,9.0,68040,16174,0.23771310993533215,12.400001525878906,4757,0,68040,1141,59776,6400,44408,,,-32.0,-32.0,https://ncas-radar-o.s3-ext.jc.rl.ac.uk/uk-wsr-visualizer-public/ukmo-nimrod/pvol/crug-y-gorrllwyn/2026/04/15/sp/20260415_polar_pl_radar10_aggregate_sp_1200.h5
crug-y-gorrllwyn,20260415,1200,sp,dataset6,89.9,57600,763,0.013246527777777777,-7.69999885559082,0,0,57600,11934,19068,20744,4192,,,-32.0,-32.0,https://ncas-radar-o.s3-ext.jc.rl.ac.uk/uk-wsr-visualizer-public/ukmo-nimrod/pvol/crug-y-gorrllwyn/2026/04/15/sp/20260415_polar_pl_radar10_aggregate_sp_1200.h5
crug-y-gorrllwyn,20260711,2100,lp,dataset1,0.5,153000,16081,0.10510457516339869,-9.19999885559082,0,0,153000,16026,118958,42733,37865,5.25,6.28,24.200000762939453,23.719999313354492,https://ncas-radar-o.s3-ext.jc.rl.ac.uk/uk-wsr-visualizer-public/ukmo-nimrod/pvol/crug-y-gorrllwyn/2026/07/11/lp/20260711_polar_pl_radar10_aggregate_lp_2100.h5
crug-y-gorrllwyn,20260711,2100,lp,dataset2,1.0,153000,16548,0.10815686274509805,-8.899999618530273,0,0,153000,11040,121302,39261,38152,4.81,5.07,24.079999923706055,23.56999969482422,https://ncas-radar-o.s3-ext.jc.rl.ac.uk/uk-wsr-visualizer-public/ukmo-nimrod/pvol/crug-y-gorrllwyn/2026/07/11/lp/20260711_polar_pl_radar10_aggregate_lp_2100.h5
crug-y-gorrllwyn,20260711,2100,lp,dataset3,2.0,153000,5185,0.03388888888888889,-8.600000381469727,0,0,153000,5764,84331,30955,20984,4.54,4.66,24.010000228881836,23.479999542236328,https://ncas-radar-o.s3-ext.jc.rl.ac.uk/uk-wsr-visualizer-public/ukmo-nimrod/pvol/crug-y-gorrllwyn/2026/07/11/lp/20260711_polar_pl_radar10_aggregate_lp_2100.h5
crug-y-gorrllwyn,20260711,2100,lp,dataset4,3.0,153000,5403,0.035313725490196075,-8.100000381469727,0,0,153000,6798,83617,31155,21349,4.51,4.66,23.969999313354492,23.43000030517578,https://ncas-radar-o.s3-ext.jc.rl.ac.uk/uk-wsr-visualizer-public/ukmo-nimrod/pvol/crug-y-gorrllwyn/2026/07/11/lp/20260711_polar_pl_radar10_aggregate_lp_2100.h5
crug-y-gorrllwyn,20260711,2100,lp,dataset5,3.95,153000,5339,0.03489542483660131,-8.100000381469727,0,0,153000,6698,83779,31017,21275,4.44,4.63,23.90999984741211,23.389999389648438,https://ncas-radar-o.s3-ext.jc.rl.ac.uk/uk-wsr-visualizer-public/ukmo-nimrod/pvol/crug-y-gorrllwyn/2026/07/11/lp/20260711_polar_pl_radar10_aggregate_lp_2100.h5
crug-y-gorrllwyn,20260711,2100,sp,dataset1,1.0,68040,12398,0.18221634332745443,13.0,5040,0,68040,4007,52738,12418,36839,,,-32.0,-32.0,https://ncas-radar-o.s3-ext.jc.rl.ac.uk/uk-wsr-visualizer-public/ukmo-nimrod/pvol/crug-y-gorrllwyn/2026/07/11/sp/20260711_polar_pl_radar10_aggregate_sp_2100.h5
crug-y-gorrllwyn,20260711,2100,sp,dataset2,2.0,68040,14877,0.21865079365079365,12.900001525878906,5313,0,68040,1756,58824,7018,42729,,,-32.0,-32.0,https://ncas-radar-o.s3-ext.jc.rl.ac.uk/uk-wsr-visualizer-public/ukmo-nimrod/pvol/crug-y-gorrllwyn/2026/07/11/sp/20260711_polar_pl_radar10_aggregate_sp_2100.h5
crug-y-gorrllwyn,20260711,2100,sp,dataset3,4.0,68040,15467,0.22732216343327455,12.799999237060547,5160,0,68040,1925,58921,7409,44606,,,-32.0,-32.0,https://ncas-radar-o.s3-ext.jc.rl.ac.uk/uk-wsr-visualizer-public/ukmo-nimrod/pvol/crug-y-gorrllwyn/2026/07/11/sp/20260711_polar_pl_radar10_aggregate_sp_2100.h5
crug-y-gorrllwyn,20260711,2100,sp,dataset4,6.0,68040,15685,0.23052616108171664,12.799999237060547,5262,0,68040,1749,58698,7900,44911,,,-32.0,-32.0,https://ncas-radar-o.s3-ext.jc.rl.ac.uk/uk-wsr-visualizer-public/ukmo-nimrod/pvol/crug-y-gorrllwyn/2026/07/11/sp/20260711_polar_pl_radar10_aggregate_sp_2100.h5
crug-y-gorrllwyn,20260711,2100,sp,dataset5,9.0,68040,16400,0.24103468547912993,12.799999237060547,5449,0,68040,1352,59218,7824,46173,,,-32.0,-32.0,https://ncas-radar-o.s3-ext.jc.rl.ac.uk/uk-wsr-visualizer-public/ukmo-nimrod/pvol/crug-y-gorrllwyn/2026/07/11/sp/20260711_polar_pl_radar10_aggregate_sp_2100.h5
crug-y-gorrllwyn,20260711,2100,sp,dataset6,89.9,57600,766,0.013298611111111112,-7.299999237060547,0,0,57600,12296,20771,22239,4890,,,-32.0,-32.0,https://ncas-radar-o.s3-ext.jc.rl.ac.uk/uk-wsr-visualizer-public/ukmo-nimrod/pvol/crug-y-gorrllwyn/2026/07/11/sp/20260711_polar_pl_radar10_aggregate_sp_2100.h5
deanhill,20260115,0000,lp,dataset1,0.5,153000,18681,0.12209803921568628,-10.600000381469727,0,0,153000,20148,120104,43433,38575,3.62,3.08,25.709999084472656,25.56999969482422,https://ncas-radar-o.s3-ext.jc.rl.ac.uk/uk-wsr-visualizer-public/ukmo-nimrod/pvol/deanhill/2026/01/15/lp/20260115_polar_pl_radar21_aggregate_lp_0000.h5
deanhill,20260115,0000,lp,dataset2,1.0,153000,17843,0.11662091503267974,-11.5,0,0,153000,14631,120518,41311,37510,3.41,2.92,25.559999465942383,25.40999984741211,https://ncas-radar-o.s3-ext.jc.rl.ac.uk/uk-wsr-visualizer-public/ukmo-nimrod/pvol/deanhill/2026/01/15/lp/20260115_polar_pl_radar21_aggregate_lp_0000.h5
deanhill,20260115,0000,lp,dataset3,2.0,153000,5079,0.033196078431372546,-9.799999237060547,0,0,153000,11001,81315,37221,20152,3.34,2.78,25.440000534057617,25.280000686645508,https://ncas-radar-o.s3-ext.jc.rl.ac.uk/uk-wsr-visualizer-public/ukmo-nimrod/pvol/deanhill/2026/01/15/lp/20260115_polar_pl_radar21_aggregate_lp_0000.h5
deanhill,20260115,0000,lp,dataset4,3.0,153000,5387,0.03520915032679738,-8.899999618530273,0,0,153000,10112,82005,35015,20876,3.23,2.72,25.389999389648438,25.209999084472656,https://ncas-radar-o.s3-ext.jc.rl.ac.uk/uk-wsr-visualizer-public/ukmo-nimrod/pvol/deanhill/2026/01/15/lp/20260115_polar_pl_radar21_aggregate_lp_0000.h5
deanhill,20260115,0000,lp,dataset5,4.0,153000,5287,0.034555555555555555,-9.600000381469727,0,0,153000,9011,82328,34380,21068,3.1,2.67,25.34000015258789,25.149999618530273,https://ncas-radar-o.s3-ext.jc.rl.ac.uk/uk-wsr-visualizer-public/ukmo-nimrod/pvol/deanhill/2026/01/15/lp/20260115_polar_pl_radar21_aggregate_lp_0000.h5
deanhill,20260115,0000,sp,dataset1,1.0,68040,13139,0.19310699588477367,11.400001525878906,2656,0,68040,4804,49858,18154,36974,,,-32.0,-32.0,https://ncas-radar-o.s3-ext.jc.rl.ac.uk/uk-wsr-visualizer-public/ukmo-nimrod/pvol/deanhill/2026/01/15/sp/20260115_polar_pl_radar21_aggregate_sp_0000.h5
deanhill,20260115,0000,sp,dataset2,2.0,68040,15074,0.2215461493239271,11.400001525878906,2644,0,68040,3397,55160,12944,41114,,,-32.0,-32.0,https://ncas-radar-o.s3-ext.jc.rl.ac.uk/uk-wsr-visualizer-public/ukmo-nimrod/pvol/deanhill/2026/01/15/sp/20260115_polar_pl_radar21_aggregate_sp_0000.h5
deanhill,20260115,0000,sp,dataset3,4.0,68040,16069,0.23616990005878893,11.200000762939453,2498,0,68040,3075,57415,10478,44486,,,-32.0,-32.0,https://ncas-radar-o.s3-ext.jc.rl.ac.uk/uk-wsr-visualizer-public/ukmo-nimrod/pvol/deanhill/2026/01/15/sp/20260115_polar_pl_radar21_aggregate_sp_0000.h5
deanhill,20260115,0000,sp,dataset4,6.0,68040,16954,0.24917695473251028,11.200000762939453,2705,0,68040,2999,57388,10204,45064,,,-32.0,-32.0,https://ncas-radar-o.s3-ext.jc.rl.ac.uk/uk-wsr-visualizer-public/ukmo-nimrod/pvol/deanhill/2026/01/15/sp/20260115_polar_pl_radar21_aggregate_sp_0000.h5
deanhill,20260115,0000,sp,dataset5,9.0,68040,17492,0.2570840681951793,11.200000762939453,2598,0,68040,2281,58165,9480,45915,,,-32.0,-32.0,https://ncas-radar-o.s3-ext.jc.rl.ac.uk/uk-wsr-visualizer-public/ukmo-nimrod/pvol/deanhill/2026/01/15/sp/20260115_polar_pl_radar21_aggregate_sp_0000.h5
deanhill,20260115,0000,sp,dataset6,89.9,57600,417,0.007239583333333333,-8.799999237060547,0,0,57600,18855,13171,31627,2936,,,-32.0,-32.0,https://ncas-radar-o.s3-ext.jc.rl.ac.uk/uk-wsr-visualizer-public/ukmo-nimrod/pvol/deanhill/2026/01/15/sp/20260115_polar_pl_radar21_aggregate_sp_0000.h5
deanhill,20260415,1200,lp,dataset1,0.5,153000,16767,0.10958823529411765,-9.299999237060547,0,0,153000,13354,121931,40859,34378,5.23,5.46,26.149999618530273,25.649999618530273,https://ncas-radar-o.s3-ext.jc.rl.ac.uk/uk-wsr-visualizer-public/ukmo-nimrod/pvol/deanhill/2026/04/15/lp/20260415_polar_pl_radar21_aggregate_lp_1200.h5
deanhill,20260415,1200,lp,dataset2,1.0,153000,15727,0.10279084967320261,-10.69999885559082,0,0,153000,9019,123075,37451,33250,3.77,3.15,25.994999885559082,25.469999313354492,https://ncas-radar-o.s3-ext.jc.rl.ac.uk/uk-wsr-visualizer-public/ukmo-nimrod/pvol/deanhill/2026/04/15/lp/20260415_polar_pl_radar21_aggregate_lp_1200.h5
deanhill,20260415,1200,lp,dataset3,2.0,153000,4458,0.029137254901960785,-9.69999885559082,0,0,153000,7765,85002,32940,17673,3.53,2.78,25.84000015258789,25.270000457763672,https://ncas-radar-o.s3-ext.jc.rl.ac.uk/uk-wsr-visualizer-public/ukmo-nimrod/pvol/deanhill/2026/04/15/lp/20260415_polar_pl_radar21_aggregate_lp_1200.h5
deanhill,20260415,1200,lp,dataset4,3.0,153000,4914,0.03211764705882353,-9.799999237060547,0,0,153000,7202,85155,31656,19143,3.52,2.74,25.760000228881836,25.18000030517578,https://ncas-radar-o.s3-ext.jc.rl.ac.uk/uk-wsr-visualizer-public/ukmo-nimrod/pvol/deanhill/2026/04/15/lp/20260415_polar_pl_radar21_aggregate_lp_1200.h5
deanhill,20260415,1200,lp,dataset5,4.0,153000,5122,0.03347712418300654,-9.19999885559082,0,0,153000,6603,84266,31771,20116,3.33,2.75,25.709999084472656,25.100000381469727,https://ncas-radar-o.s3-ext.jc.rl.ac.uk/uk-wsr-visualizer-public/ukmo-nimrod/pvol/deanhill/2026/04/15/lp/20260415_polar_pl_radar21_aggregate_lp_1200.h5
deanhill,20260415,1200,sp,dataset1,1.0,68040,10717,0.15751028806584363,11.900001525878906,2909,0,68040,3643,50542,15376,27521,,,-32.0,-32.0,https://ncas-radar-o.s3-ext.jc.rl.ac.uk/uk-wsr-visualizer-public/ukmo-nimrod/pvol/deanhill/2026/04/15/sp/20260415_polar_pl_radar21_aggregate_sp_1200.h5
deanhill,20260415,1200,sp,dataset2,2.0,68040,12215,0.17952674897119342,11.799999237060547,2765,0,68040,2548,55590,10253,31004,,,-32.0,-32.0,https://ncas-radar-o.s3-ext.jc.rl.ac.uk/uk-wsr-visualizer-public/ukmo-nimrod/pvol/deanhill/2026/04/15/sp/20260415_polar_pl_radar21_aggregate_sp_1200.h5
deanhill,20260415,1200,sp,dataset3,4.0,68040,14635,0.21509406231628453,11.60000228881836,3330,0,68040,2269,58085,8168,38751,,,-32.0,-32.0,https://ncas-radar-o.s3-ext.jc.rl.ac.uk/uk-wsr-visualizer-public/ukmo-nimrod/pvol/deanhill/2026/04/15/sp/20260415_polar_pl_radar21_aggregate_sp_1200.h5
deanhill,20260415,1200,sp,dataset4,6.0,68040,15961,0.23458259847148735,11.5,3172,0,68040,2247,58046,8405,43085,,,-32.0,-32.0,https://ncas-radar-o.s3-ext.jc.rl.ac.uk/uk-wsr-visualizer-public/ukmo-nimrod/pvol/deanhill/2026/04/15/sp/20260415_polar_pl_radar21_aggregate_sp_1200.h5
deanhill,20260415,1200,sp,dataset5,9.0,68040,17126,0.25170487948265724,11.5,3152,0,68040,1742,58757,8360,45641,,,-32.0,-32.0,https://ncas-radar-o.s3-ext.jc.rl.ac.uk/uk-wsr-visualizer-public/ukmo-nimrod/pvol/deanhill/2026/04/15/sp/20260415_polar_pl_radar21_aggregate_sp_1200.h5
deanhill,20260415,1200,sp,dataset6,89.9,57600,409,0.007100694444444444,-8.399999618530273,0,0,57600,17406,14003,32916,2800,,,-32.0,-32.0,https://ncas-radar-o.s3-ext.jc.rl.ac.uk/uk-wsr-visualizer-public/ukmo-nimrod/pvol/deanhill/2026/04/15/sp/20260415_polar_pl_radar21_aggregate_sp_1200.h5
deanhill,20260711,2100,lp,dataset1,0.5,153000,17087,0.1116797385620915,-10.5,0,0,153000,16636,121240,41998,39686,3.72,3.35,25.850000381469727,25.760000228881836,https://ncas-radar-o.s3-ext.jc.rl.ac.uk/uk-wsr-visualizer-public/ukmo-nimrod/pvol/deanhill/2026/07/11/lp/20260711_polar_pl_radar21_aggregate_lp_2100.h5
deanhill,20260711,2100,lp,dataset2,1.0,153000,16976,0.11095424836601307,-10.899999618530273,0,0,153000,9390,124614,36086,38724,3.59,3.28,25.709999084472656,25.600000381469727,https://ncas-radar-o.s3-ext.jc.rl.ac.uk/uk-wsr-visualizer-public/ukmo-nimrod/pvol/deanhill/2026/07/11/lp/20260711_polar_pl_radar21_aggregate_lp_2100.h5
deanhill,20260711,2100,lp,dataset3,2.0,153000,4841,0.03164052287581699,-9.399999618530273,0,0,153000,7007,84122,30869,20043,3.46,3.14,25.610000610351562,25.479999542236328,https://ncas-radar-o.s3-ext.jc.rl.ac.uk/uk-wsr-visualizer-public/ukmo-nimrod/pvol/deanhill/2026/07/11/lp/20260711_polar_pl_radar21_aggregate_lp_2100.h5
deanhill,20260711,2100,lp,dataset4,3.0,153000,5070,0.03313725490196078,-9.5,0,0,153000,6923,84593,30044,20525,3.41,3.05,25.540000915527344,25.43000030517578,https://ncas-radar-o.s3-ext.jc.rl.ac.uk/uk-wsr-visualizer-public/ukmo-nimrod/pvol/deanhill/2026/07/11/lp/20260711_polar_pl_radar21_aggregate_lp_2100.h5
deanhill,20260711,2100,lp,dataset5,4.0,153000,5250,0.03431372549019608,-9.19999885559082,0,0,153000,6264,84888,29824,21147,3.36,2.91,25.510000228881836,25.3799991607666,https://ncas-radar-o.s3-ext.jc.rl.ac.uk/uk-wsr-visualizer-public/ukmo-nimrod/pvol/deanhill/2026/07/11/lp/20260711_polar_pl_radar21_aggregate_lp_2100.h5
deanhill,20260711,2100,sp,dataset1,1.0,68040,11548,0.16972369194591416,11.60000228881836,3132,0,68040,2997,52387,11784,34949,,,-32.0,-32.0,https://ncas-radar-o.s3-ext.jc.rl.ac.uk/uk-wsr-visualizer-public/ukmo-nimrod/pvol/deanhill/2026/07/11/sp/20260711_polar_pl_radar21_aggregate_sp_2100.h5
deanhill,20260711,2100,sp,dataset2,2.0,68040,13340,0.19606114050558496,11.5,2982,0,68040,2134,57160,7323,38924,,,-32.0,-32.0,https://ncas-radar-o.s3-ext.jc.rl.ac.uk/uk-wsr-visualizer-public/ukmo-nimrod/pvol/deanhill/2026/07/11/sp/20260711_polar_pl_radar21_aggregate_sp_2100.h5
deanhill,20260711,2100,sp,dataset3,4.0,68040,15098,0.2218988830099941,11.5,3101,0,68040,2019,58729,6382,42548,,,-32.0,-32.0,https://ncas-radar-o.s3-ext.jc.rl.ac.uk/uk-wsr-visualizer-public/ukmo-nimrod/pvol/deanhill/2026/07/11/sp/20260711_polar_pl_radar21_aggregate_sp_2100.h5
deanhill,20260711,2100,sp,dataset4,6.0,68040,16024,0.2355085243974133,11.400001525878906,2742,0,68040,1997,58910,6525,43944,,,-32.0,-32.0,https://ncas-radar-o.s3-ext.jc.rl.ac.uk/uk-wsr-visualizer-public/ukmo-nimrod/pvol/deanhill/2026/07/11/sp/20260711_polar_pl_radar21_aggregate_sp_2100.h5
deanhill,20260711,2100,sp,dataset5,9.0,68040,17100,0.25132275132275134,11.400001525878906,2846,0,68040,1567,59310,6555,45921,,,-32.0,-32.0,https://ncas-radar-o.s3-ext.jc.rl.ac.uk/uk-wsr-visualizer-public/ukmo-nimrod/pvol/deanhill/2026/07/11/sp/20260711_polar_pl_radar21_aggregate_sp_2100.h5
deanhill,20260711,2100,sp,dataset6,89.9,57600,437,0.007586805555555556,-8.799999237060547,0,0,57600,17808,14536,30849,3094,,,-32.0,-32.0,https://ncas-radar-o.s3-ext.jc.rl.ac.uk/uk-wsr-visualizer-public/ukmo-nimrod/pvol/deanhill/2026/07/11/sp/20260711_polar_pl_radar21_aggregate_sp_2100.h5
druima-starraig,20260115,0000,lp,dataset1,0.5,153000,15301,0.10000653594771242,-9.600000381469727,0,0,153000,8818,131265,30470,32238,3.34,4.06,25.520000457763672,24.40999984741211,https://ncas-radar-o.s3-ext.jc.rl.ac.uk/uk-wsr-visualizer-public/ukmo-nimrod/pvol/druima-starraig/2026/01/15/lp/20260115_polar_pl_radar15_aggregate_lp_0000.h5
druima-starraig,20260115,0000,lp,dataset2,1.0,153000,15129,0.09888235294117648,-10.399999618530273,0,0,153000,5764,130527,27513,32404,3.14,3.96,25.3700008392334,24.270000457763672,https://ncas-radar-o.s3-ext.jc.rl.ac.uk/uk-wsr-visualizer-public/ukmo-nimrod/pvol/druima-starraig/2026/01/15/lp/20260115_polar_pl_radar15_aggregate_lp_0000.h5
druima-starraig,20260115,0000,lp,dataset3,2.0,153000,4473,0.029235294117647057,-8.5,0,0,153000,3153,91230,23677,18314,3.07,3.81,25.25,24.149999618530273,https://ncas-radar-o.s3-ext.jc.rl.ac.uk/uk-wsr-visualizer-public/ukmo-nimrod/pvol/druima-starraig/2026/01/15/lp/20260115_polar_pl_radar15_aggregate_lp_0000.h5
druima-starraig,20260115,0000,lp,dataset4,3.0,153000,4766,0.031150326797385622,-9.19999885559082,0,0,153000,2668,91914,23394,19056,3.07,3.77,25.18000030517578,24.09000015258789,https://ncas-radar-o.s3-ext.jc.rl.ac.uk/uk-wsr-visualizer-public/ukmo-nimrod/pvol/druima-starraig/2026/01/15/lp/20260115_polar_pl_radar15_aggregate_lp_0000.h5
druima-starraig,20260115,0000,lp,dataset5,3.95,153000,4950,0.03235294117647059,-9.100000381469727,0,0,153000,1753,92060,22034,19630,2.97,3.7,25.139999389648438,24.054999351501465,https://ncas-radar-o.s3-ext.jc.rl.ac.uk/uk-wsr-visualizer-public/ukmo-nimrod/pvol/druima-starraig/2026/01/15/lp/20260115_polar_pl_radar15_aggregate_lp_0000.h5
druima-starraig,20260115,0000,sp,dataset1,1.0,68040,12290,0.18062904174015285,12.400001525878906,3759,0,68040,1683,58123,6757,27984,,,-32.0,-32.0,https://ncas-radar-o.s3-ext.jc.rl.ac.uk/uk-wsr-visualizer-public/ukmo-nimrod/pvol/druima-starraig/2026/01/15/sp/20260115_polar_pl_radar15_aggregate_sp_0000.h5
druima-starraig,20260115,0000,sp,dataset2,2.0,68040,13771,0.20239564961787185,12.200000762939453,4221,0,68040,503,62956,2785,32766,,,-32.0,-32.0,https://ncas-radar-o.s3-ext.jc.rl.ac.uk/uk-wsr-visualizer-public/ukmo-nimrod/pvol/druima-starraig/2026/01/15/sp/20260115_polar_pl_radar15_aggregate_sp_0000.h5
druima-starraig,20260115,0000,sp,dataset3,4.0,68040,14924,0.21934156378600822,12.0,4422,0,68040,409,64636,1877,36858,,,-32.0,-32.0,https://ncas-radar-o.s3-ext.jc.rl.ac.uk/uk-wsr-visualizer-public/ukmo-nimrod/pvol/druima-starraig/2026/01/15/sp/20260115_polar_pl_radar15_aggregate_sp_0000.h5
druima-starraig,20260115,0000,sp,dataset4,6.0,68040,15099,0.22191358024691357,12.0,4105,0,68040,403,64618,1706,39586,,,-32.0,-32.0,https://ncas-radar-o.s3-ext.jc.rl.ac.uk/uk-wsr-visualizer-public/ukmo-nimrod/pvol/druima-starraig/2026/01/15/sp/20260115_polar_pl_radar15_aggregate_sp_0000.h5
druima-starraig,20260115,0000,sp,dataset5,9.0,68040,16143,0.23725749559082893,12.0,4031,0,68040,421,64466,1930,42854,,,-32.0,-32.0,https://ncas-radar-o.s3-ext.jc.rl.ac.uk/uk-wsr-visualizer-public/ukmo-nimrod/pvol/druima-starraig/2026/01/15/sp/20260115_polar_pl_radar15_aggregate_sp_0000.h5
druima-starraig,20260115,0000,sp,dataset6,89.9,57600,595,0.01032986111111111,-7.899999618530273,0,0,57600,3323,35043,6969,4345,,,-32.0,-32.0,https://ncas-radar-o.s3-ext.jc.rl.ac.uk/uk-wsr-visualizer-public/ukmo-nimrod/pvol/druima-starraig/2026/01/15/sp/20260115_polar_pl_radar15_aggregate_sp_0000.h5
druima-starraig,20260415,1200,lp,dataset1,0.5,153000,16198,0.10586928104575163,-9.600000381469727,0,0,153000,8442,131252,31467,34636,3.47,4.24,25.450000762939453,24.34000015258789,https://ncas-radar-o.s3-ext.jc.rl.ac.uk/uk-wsr-visualizer-public/ukmo-nimrod/pvol/druima-starraig/2026/04/15/lp/20260415_polar_pl_radar15_aggregate_lp_1200.h5
druima-starraig,20260415,1200,lp,dataset2,1.0,153000,15112,0.09877124183006536,-10.0,0,0,153000,5681,131051,28463,33417,3.3,4.05,25.309999465942383,24.200000762939453,https://ncas-radar-o.s3-ext.jc.rl.ac.uk/uk-wsr-visualizer-public/ukmo-nimrod/pvol/druima-starraig/2026/04/15/lp/20260415_polar_pl_radar15_aggregate_lp_1200.h5
druima-starraig,20260415,1200,lp,dataset3,2.0,153000,4395,0.02872549019607843,-9.899999618530273,0,0,153000,3451,92870,23694,17735,3.14,4.01,25.18000030517578,24.079999923706055,https://ncas-radar-o.s3-ext.jc.rl.ac.uk/uk-wsr-visualizer-public/ukmo-nimrod/pvol/druima-starraig/2026/04/15/lp/20260415_polar_pl_radar15_aggregate_lp_1200.h5
druima-starraig,20260415,1200,lp,dataset4,3.0,153000,4395,0.02872549019607843,-9.0,0,0,153000,3106,92351,23481,17765,3.14,3.95,25.110000610351562,24.010000228881836,https://ncas-radar-o.s3-ext.jc.rl.ac.uk/uk-wsr-visualizer-public/ukmo-nimrod/pvol/druima-starraig/2026/04/15/lp/20260415_polar_pl_radar15_aggregate_lp_1200.h5
druima-starraig,20260415,1200,lp,dataset5,4.0,153000,4511,0.029483660130718955,-9.299999237060547,0,0,153000,2367,92992,22472,18171,3.03,3.86,25.059999465942383,23.969999313354492,https://ncas-radar-o.s3-ext.jc.rl.ac.uk/uk-wsr-visualizer-public/ukmo-nimrod/pvol/druima-starraig/2026/04/15/lp/20260415_polar_pl_radar15_aggregate_lp_1200.h5
druima-starraig,20260415,1200,sp,dataset1,1.0,68040,13307,0.1955761316872428,12.299999237060547,4141,0,68040,1787,59171,7116,30325,,,-32.0,-32.0,https://ncas-radar-o.s3-ext.jc.rl.ac.uk/uk-wsr-visualizer-public/ukmo-nimrod/pvol/druima-starraig/2026/04/15/sp/20260415_polar_pl_radar15_aggregate_sp_1200.h5
druima-starraig,20260415,1200,sp,dataset2,2.0,68040,13550,0.19914756025867136,12.10000228881836,3912,0,68040,722,63058,3333,32088,,,-32.0,-32.0,https://ncas-radar-o.s3-ext.jc.rl.ac.uk/uk-wsr-visualizer-public/ukmo-nimrod/pvol/druima-starraig/2026/04/15/sp/20260415_polar_pl_radar15_aggregate_sp_1200.h5
druima-starraig,20260415,1200,sp,dataset3,4.0,68040,13073,0.19213697824808937,12.0,4057,0,68040,538,64556,2540,32433,,,-32.0,-32.0,https://ncas-radar-o.s3-ext.jc.rl.ac.uk/uk-wsr-visualizer-public/ukmo-nimrod/pvol/druima-starraig/2026/04/15/sp/20260415_polar_pl_radar15_aggregate_sp_1200.h5
druima-starraig,20260415,1200,sp,dataset4,6.0,68040,13882,0.2040270429159318,11.900001525878906,4103,0,68040,570,64431,2491,35208,,,-32.0,-32.0,https://ncas-radar-o.s3-ext.jc.rl.ac.uk/uk-wsr-visualizer-public/ukmo-nimrod/pvol/druima-starraig/2026/04/15/sp/20260415_polar_pl_radar15_aggregate_sp_1200.h5
druima-starraig,20260415,1200,sp,dataset5,9.0,68040,15269,0.22441211052322163,11.900001525878906,3935,0,68040,544,64320,2721,39252,,,-32.0,-32.0,https://ncas-radar-o.s3-ext.jc.rl.ac.uk/uk-wsr-visualizer-public/ukmo-nimrod/pvol/druima-starraig/2026/04/15/sp/20260415_polar_pl_radar15_aggregate_sp_1200.h5
druima-starraig,20260415,1200,sp,dataset6,89.9,57600,585,0.01015625,-8.0,0,0,57600,2964,35115,6712,4120,,,-32.0,-32.0,https://ncas-radar-o.s3-ext.jc.rl.ac.uk/uk-wsr-visualizer-public/ukmo-nimrod/pvol/druima-starraig/2026/04/15/sp/20260415_polar_pl_radar15_aggregate_sp_1200.h5
druima-starraig,20260711,2100,lp,dataset1,0.5,153000,21213,0.1386470588235294,-10.299999237060547,0,0,153000,11324,128128,35462,42255,3.32,4.38,25.31999969482422,24.164999961853027,https://ncas-radar-o.s3-ext.jc.rl.ac.uk/uk-wsr-visualizer-public/ukmo-nimrod/pvol/druima-starraig/2026/07/11/lp/20260711_polar_pl_radar15_aggregate_lp_2100.h5
druima-starraig,20260711,2100,lp,dataset2,1.0,153000,19130,0.12503267973856208,-10.899999618530273,0,0,153000,8370,126988,33681,39726,3.18,4.28,25.18000030517578,24.030000686645508,https://ncas-radar-o.s3-ext.jc.rl.ac.uk/uk-wsr-visualizer-public/ukmo-nimrod/pvol/druima-starraig/2026/07/11/lp/20260711_polar_pl_radar15_aggregate_lp_2100.h5
druima-starraig,20260711,2100,lp,dataset3,2.0,153000,5107,0.03337908496732026,-9.399999618530273,0,0,153000,4726,87459,28041,20554,3.03,4.21,25.059999465942383,23.920000076293945,https://ncas-radar-o.s3-ext.jc.rl.ac.uk/uk-wsr-visualizer-public/ukmo-nimrod/pvol/druima-starraig/2026/07/11/lp/20260711_polar_pl_radar15_aggregate_lp_2100.h5
druima-starraig,20260711,2100,lp,dataset4,3.0,153000,5512,0.036026143790849674,-9.399999618530273,0,0,153000,3925,88409,26459,21138,2.98,4.04,25.0,23.860000610351562,https://ncas-radar-o.s3-ext.jc.rl.ac.uk/uk-wsr-visualizer-public/ukmo-nimrod/pvol/druima-starraig/2026/07/11/lp/20260711_polar_pl_radar15_aggregate_lp_2100.h5
druima-starraig,20260711,2100,lp,dataset5,3.95,153000,5519,0.0360718954248366,-8.899999618530273,0,0,153000,2814,88846,24832,21701,2.95,4.11,24.969999313354492,23.829999923706055,https://ncas-radar-o.s3-ext.jc.rl.ac.uk/uk-wsr-visualizer-public/ukmo-nimrod/pvol/druima-starraig/2026/07/11/lp/20260711_polar_pl_radar15_aggregate_lp_2100.h5
druima-starraig,20260711,2100,sp,dataset1,1.0,68040,14955,0.21979717813051147,12.10000228881836,4286,0,68040,2276,56393,10826,38227,,,-32.0,-32.0,https://ncas-radar-o.s3-ext.jc.rl.ac.uk/uk-wsr-visualizer-public/ukmo-nimrod/pvol/druima-starraig/2026/07/11/sp/20260711_polar_pl_radar15_aggregate_sp_2100.h5
druima-starraig,20260711,2100,sp,dataset2,2.0,68040,16033,0.23564079952968842,12.0,4056,0,68040,805,61463,5017,41879,,,-32.0,-32.0,https://ncas-radar-o.s3-ext.jc.rl.ac.uk/uk-wsr-visualizer-public/ukmo-nimrod/pvol/druima-starraig/2026/07/11/sp/20260711_polar_pl_radar15_aggregate_sp_2100.h5
druima-starraig,20260711,2100,sp,dataset3,4.0,68040,17489,0.25703997648442095,11.900001525878906,3990,0,68040,593,63639,3216,46334,,,-32.0,-32.0,https://ncas-radar-o.s3-ext.jc.rl.ac.uk/uk-wsr-visualizer-public/ukmo-nimrod/pvol/druima-starraig/2026/07/11/sp/20260711_polar_pl_radar15_aggregate_sp_2100.h5
druima-starraig,20260711,2100,sp,dataset4,6.0,68040,17533,0.25768665490887716,11.900001525878906,3845,0,68040,582,63685,3302,47438,,,-32.0,-32.0,https://ncas-radar-o.s3-ext.jc.rl.ac.uk/uk-wsr-visualizer-public/ukmo-nimrod/pvol/druima-starraig/2026/07/11/sp/20260711_polar_pl_radar15_aggregate_sp_2100.h5
druima-starraig,20260711,2100,sp,dataset5,9.0,68040,18546,0.27257495590828923,11.799999237060547,3947,0,68040,569,63582,3554,48591,,,-32.0,-32.0,https://ncas-radar-o.s3-ext.jc.rl.ac.uk/uk-wsr-visualizer-public/ukmo-nimrod/pvol/druima-starraig/2026/07/11/sp/20260711_polar_pl_radar15_aggregate_sp_2100.h5
druima-starraig,20260711,2100,sp,dataset6,89.9,57600,1003,0.017413194444444443,-8.19999885559082,0,0,57600,7975,30027,15125,6317,,,-32.0,-32.0,https://ncas-radar-o.s3-ext.jc.rl.ac.uk/uk-wsr-visualizer-public/ukmo-nimrod/pvol/druima-starraig/2026/07/11/sp/20260711_polar_pl_radar15_aggregate_sp_2100.h5
dudwick,20260115,0000,lp,dataset1,0.5,153000,11000,0.0718954248366013,-9.0,0,0,153000,14117,125668,35781,25408,3.73,4.14,24.65999984741211,24.68000030517578,https://ncas-radar-o.s3-ext.jc.rl.ac.uk/uk-wsr-visualizer-public/ukmo-nimrod/pvol/dudwick/2026/01/15/lp/20260115_polar_pl_radar14_aggregate_lp_0000.h5
dudwick,20260115,0000,lp,dataset2,1.0,153000,11343,0.07413725490196078,-9.299999237060547,0,0,153000,12123,123933,35483,26681,3.06,3.56,24.559999465942383,24.56999969482422,https://ncas-radar-o.s3-ext.jc.rl.ac.uk/uk-wsr-visualizer-public/ukmo-nimrod/pvol/dudwick/2026/01/15/lp/20260115_polar_pl_radar14_aggregate_lp_0000.h5
dudwick,20260115,0000,lp,dataset3,2.0,153000,3637,0.02377124183006536,-9.0,0,0,153000,10079,86990,32713,15637,2.86,3.41,24.43000030517578,24.440000534057617,https://ncas-radar-o.s3-ext.jc.rl.ac.uk/uk-wsr-visualizer-public/ukmo-nimrod/pvol/dudwick/2026/01/15/lp/20260115_polar_pl_radar14_aggregate_lp_0000.h5
dudwick,20260115,0000,lp,dataset4,3.0,153000,4253,0.027797385620915032,-8.799999237060547,0,0,153000,9800,85967,32013,17799,2.81,3.32,24.360000610351562,24.3700008392334,https://ncas-radar-o.s3-ext.jc.rl.ac.uk/uk-wsr-visualizer-public/ukmo-nimrod/pvol/dudwick/2026/01/15/lp/20260115_polar_pl_radar14_aggregate_lp_0000.h5
dudwick,20260115,0000,lp,dataset5,4.0,153000,4645,0.030359477124183007,-9.399999618530273,0,0,153000,9515,86175,31218,18803,2.69,3.21,24.3149995803833,24.31999969482422,https://ncas-radar-o.s3-ext.jc.rl.ac.uk/uk-wsr-visualizer-public/ukmo-nimrod/pvol/dudwick/2026/01/15/lp/20260115_polar_pl_radar14_aggregate_lp_0000.h5
dudwick,20260115,0000,sp,dataset1,1.0,68040,8948,0.1315108759553204,12.0,2973,0,68040,5630,51013,15868,21257,,,-32.0,-32.0,https://ncas-radar-o.s3-ext.jc.rl.ac.uk/uk-wsr-visualizer-public/ukmo-nimrod/pvol/dudwick/2026/01/15/sp/20260115_polar_pl_radar14_aggregate_sp_0000.h5
dudwick,20260115,0000,sp,dataset2,2.0,68040,10259,0.15077895355673132,12.0,2679,0,68040,4325,55351,12611,24477,,,-32.0,-32.0,https://ncas-radar-o.s3-ext.jc.rl.ac.uk/uk-wsr-visualizer-public/ukmo-nimrod/pvol/dudwick/2026/01/15/sp/20260115_polar_pl_radar14_aggregate_sp_0000.h5
dudwick,20260115,0000,sp,dataset3,4.0,68040,12832,0.1885949441504997,11.799999237060547,3360,0,68040,3643,56214,11645,33279,,,-32.0,-32.0,https://ncas-radar-o.s3-ext.jc.rl.ac.uk/uk-wsr-visualizer-public/ukmo-nimrod/pvol/dudwick/2026/01/15/sp/20260115_polar_pl_radar14_aggregate_sp_0000.h5
dudwick,20260115,0000,sp,dataset4,6.0,68040,13687,0.20116108171663727,11.700000762939453,3343,0,68040,2897,56843,11037,36799,,,-32.0,-32.0,https://ncas-radar-o.s3-ext.jc.rl.ac.uk/uk-wsr-visualizer-public/ukmo-nimrod/pvol/dudwick/2026/01/15/sp/20260115_polar_pl_radar14_aggregate_sp_0000.h5
dudwick,20260115,0000,sp,dataset5,9.0,68040,14771,0.21709288653733097,11.700000762939453,3486,0,68040,2591,57633,10081,39609,,,-32.0,-32.0,https://ncas-radar-o.s3-ext.jc.rl.ac.uk/uk-wsr-visualizer-public/ukmo-nimrod/pvol/dudwick/2026/01/15/sp/20260115_polar_pl_radar14_aggregate_sp_0000.h5
dudwick,20260115,0000,sp,dataset6,89.9,57600,243,0.00421875,-7.899999618530273,0,0,57600,22232,8223,37573,1411,,,-32.0,-32.0,https://ncas-radar-o.s3-ext.jc.rl.ac.uk/uk-wsr-visualizer-public/ukmo-nimrod/pvol/dudwick/2026/01/15/sp/20260115_polar_pl_radar14_aggregate_sp_0000.h5
dudwick,20260415,1200,lp,dataset1,0.5,153000,15911,0.10399346405228758,-7.299999237060547,0,0,153000,13350,125858,36783,34079,3.77,4.07,24.719999313354492,25.1299991607666,https://ncas-radar-o.s3-ext.jc.rl.ac.uk/uk-wsr-visualizer-public/ukmo-nimrod/pvol/dudwick/2026/04/15/lp/20260415_polar_pl_radar14_aggregate_lp_1200.h5
dudwick,20260415,1200,lp,dataset2,1.0,153000,16101,0.10523529411764707,-9.100000381469727,0,0,153000,11888,124466,36388,36133,3.15,3.74,24.600000381469727,25.020000457763672,https://ncas-radar-o.s3-ext.jc.rl.ac.uk/uk-wsr-visualizer-public/ukmo-nimrod/pvol/dudwick/2026/04/15/lp/20260415_polar_pl_radar14_aggregate_lp_1200.h5
dudwick,20260415,1200,lp,dataset3,2.0,153000,5101,0.03333986928104575,-8.799999237060547,0,0,153000,9951,83987,33169,20284,2.97,3.53,24.479999542236328,24.90999984741211,https://ncas-radar-o.s3-ext.jc.rl.ac.uk/uk-wsr-visualizer-public/ukmo-nimrod/pvol/dudwick/2026/04/15/lp/20260415_polar_pl_radar14_aggregate_lp_1200.h5
dudwick,20260415,1200,lp,dataset4,3.0,153000,5029,0.03286928104575163,-8.799999237060547,0,0,153000,9972,83371,33604,20648,2.82,3.48,24.40999984741211,24.850000381469727,https://ncas-radar-o.s3-ext.jc.rl.ac.uk/uk-wsr-visualizer-public/ukmo-nimrod/pvol/dudwick/2026/04/15/lp/20260415_polar_pl_radar14_aggregate_lp_1200.h5
dudwick,20260415,1200,lp,dataset5,4.0,153000,5147,0.033640522875816994,-9.5,0,0,153000,9696,83731,33449,20534,2.81,3.46,24.3700008392334,24.799999237060547,https://ncas-radar-o.s3-ext.jc.rl.ac.uk/uk-wsr-visualizer-public/ukmo-nimrod/pvol/dudwick/2026/04/15/lp/20260415_polar_pl_radar14_aggregate_lp_1200.h5
dudwick,20260415,1200,sp,dataset1,1.0,68040,12856,0.1889476778365667,12.0,3693,0,68040,5513,51607,16011,35194,,,-32.0,-32.0,https://ncas-radar-o.s3-ext.jc.rl.ac.uk/uk-wsr-visualizer-public/ukmo-nimrod/pvol/dudwick/2026/04/15/sp/20260415_polar_pl_radar14_aggregate_sp_1200.h5
dudwick,20260415,1200,sp,dataset2,2.0,68040,15097,0.22188418577307467,11.900001525878906,3638,0,68040,4184,55740,12689,41536,,,-32.0,-32.0,https://ncas-radar-o.s3-ext.jc.rl.ac.uk/uk-wsr-visualizer-public/ukmo-nimrod/pvol/dudwick/2026/04/15/sp/20260415_polar_pl_radar14_aggregate_sp_1200.h5
dudwick,20260415,1200,sp,dataset3,4.0,68040,15162,0.2228395061728395,11.900001525878906,3553,0,68040,3602,56429,11917,42814,,,-32.0,-32.0,https://ncas-radar-o.s3-ext.jc.rl.ac.uk/uk-wsr-visualizer-public/ukmo-nimrod/pvol/dudwick/2026/04/15/sp/20260415_polar_pl_radar14_aggregate_sp_1200.h5
dudwick,20260415,1200,sp,dataset4,6.0,68040,15701,0.23076131687242799,11.799999237060547,3493,0,68040,2930,56553,11721,42812,,,-32.0,-32.0,https://ncas-radar-o.s3-ext.jc.rl.ac.uk/uk-wsr-visualizer-public/ukmo-nimrod/pvol/dudwick/2026/04/15/sp/20260415_polar_pl_radar14_aggregate_sp_1200.h5
dudwick,20260415,1200,sp,dataset5,9.0,68040,15610,0.2294238683127572,11.700000762939453,3620,0,68040,2607,56932,11480,42194,,,-32.0,-32.0,https://ncas-radar-o.s3-ext.jc.rl.ac.uk/uk-wsr-visualizer-public/ukmo-nimrod/pvol/dudwick/2026/04/15/sp/20260415_polar_pl_radar14_aggregate_sp_1200.h5
dudwick,20260415,1200,sp,dataset6,89.9,57600,367,0.006371527777777778,-7.799999237060547,0,0,57600,21163,9693,35975,1751,,,-32.0,-32.0,https://ncas-radar-o.s3-ext.jc.rl.ac.uk/uk-wsr-visualizer-public/ukmo-nimrod/pvol/dudwick/2026/04/15/sp/20260415_polar_pl_radar14_aggregate_sp_1200.h5
dudwick,20260711,2100,lp,dataset1,0.5,153000,19205,0.12552287581699345,-9.799999237060547,0,0,153000,14538,122303,41889,41469,4.37,4.6,24.90999984741211,25.329999923706055,https://ncas-radar-o.s3-ext.jc.rl.ac.uk/uk-wsr-visualizer-public/ukmo-nimrod/pvol/dudwick/2026/07/11/lp/20260711_polar_pl_radar14_aggregate_lp_2100.h5
dudwick,20260711,2100,lp,dataset2,1.0,153000,18549,0.12123529411764705,-10.100000381469727,0,0,153000,11695,122129,40630,39889,3.16,3.77,24.770000457763672,25.200000762939453,https://ncas-radar-o.s3-ext.jc.rl.ac.uk/uk-wsr-visualizer-public/ukmo-nimrod/pvol/dudwick/2026/07/11/lp/20260711_polar_pl_radar14_aggregate_lp_2100.h5
dudwick,20260711,2100,lp,dataset3,2.0,153000,5265,0.03441176470588235,-8.69999885559082,0,0,153000,9254,82305,34790,21035,3.06,3.59,24.639999389648438,25.0649995803833,https://ncas-radar-o.s3-ext.jc.rl.ac.uk/uk-wsr-visualizer-public/ukmo-nimrod/pvol/dudwick/2026/07/11/lp/20260711_polar_pl_radar14_aggregate_lp_2100.h5
dudwick,20260711,2100,lp,dataset4,3.0,153000,5481,0.035823529411764705,-9.799999237060547,0,0,153000,9393,83203,33733,21102,2.87,3.59,24.56999969482422,24.989999771118164,https://ncas-radar-o.s3-ext.jc.rl.ac.uk/uk-wsr-visualizer-public/ukmo-nimrod/pvol/dudwick/2026/07/11/lp/20260711_polar_pl_radar14_aggregate_lp_2100.h5
dudwick,20260711,2100,lp,dataset5,4.0,153000,5430,0.035490196078431374,-9.0,0,0,153000,9358,82691,33444,21252,2.88,3.49,24.530000686645508,24.950000762939453,https://ncas-radar-o.s3-ext.jc.rl.ac.uk/uk-wsr-visualizer-public/ukmo-nimrod/pvol/dudwick/2026/07/11/lp/20260711_polar_pl_radar14_aggregate_lp_2100.h5
dudwick,20260711,2100,sp,dataset1,1.0,68040,14273,0.20977366255144034,12.299999237060547,4389,0,68040,4843,51296,15519,38392,,,-32.0,-32.0,https://ncas-radar-o.s3-ext.jc.rl.ac.uk/uk-wsr-visualizer-public/ukmo-nimrod/pvol/dudwick/2026/07/11/sp/20260711_polar_pl_radar14_aggregate_sp_2100.h5
dudwick,20260711,2100,sp,dataset2,2.0,68040,16203,0.23813932980599647,12.0,4178,0,68040,3646,55975,11796,42907,,,-32.0,-32.0,https://ncas-radar-o.s3-ext.jc.rl.ac.uk/uk-wsr-visualizer-public/ukmo-nimrod/pvol/dudwick/2026/07/11/sp/20260711_polar_pl_radar14_aggregate_sp_2100.h5
dudwick,20260711,2100,sp,dataset3,4.0,68040,16600,0.24397413286302175,12.0,4242,0,68040,3346,56566,11354,44144,,,-32.0,-32.0,https://ncas-radar-o.s3-ext.jc.rl.ac.uk/uk-wsr-visualizer-public/ukmo-nimrod/pvol/dudwick/2026/07/11/sp/20260711_polar_pl_radar14_aggregate_sp_2100.h5
dudwick,20260711,2100,sp,dataset4,6.0,68040,16983,0.2496031746031746,12.0,4146,0,68040,2656,56719,11237,44375,,,-32.0,-32.0,https://ncas-radar-o.s3-ext.jc.rl.ac.uk/uk-wsr-visualizer-public/ukmo-nimrod/pvol/dudwick/2026/07/11/sp/20260711_polar_pl_radar14_aggregate_sp_2100.h5
dudwick,20260711,2100,sp,dataset5,9.0,68040,17288,0.25408583186360967,11.900001525878906,4204,0,68040,2503,57071,11019,45054,,,-32.0,-32.0,https://ncas-radar-o.s3-ext.jc.rl.ac.uk/uk-wsr-visualizer-public/ukmo-nimrod/pvol/dudwick/2026/07/11/sp/20260711_polar_pl_radar14_aggregate_sp_2100.h5
dudwick,20260711,2100,sp,dataset6,89.9,57600,457,0.007934027777777778,-7.799999237060547,0,0,57600,19387,11396,32338,2469,,,-32.0,-32.0,https://ncas-radar-o.s3-ext.jc.rl.ac.uk/uk-wsr-visualizer-public/ukmo-nimrod/pvol/dudwick/2026/07/11/sp/20260711_polar_pl_radar14_aggregate_sp_2100.h5
hameldon-hill,20260115,0000,lp,dataset1,0.45,153000,14725,0.09624183006535948,-9.299999237060547,0,0,153000,14732,120315,41356,31367,4.22,3.96,24.170000076293945,25.770000457763672,https://ncas-radar-o.s3-ext.jc.rl.ac.uk/uk-wsr-visualizer-public/ukmo-nimrod/pvol/hameldon-hill/2026/01/15/lp/20260115_polar_pl_radar04_aggregate_lp_0000.h5
hameldon-hill,20260115,0000,lp,dataset2,1.0,153000,13744,0.08983006535947713,-8.799999237060547,0,0,153000,11357,121473,38145,29870,3.93,3.69,23.950000762939453,25.520000457763672,https://ncas-radar-o.s3-ext.jc.rl.ac.uk/uk-wsr-visualizer-public/ukmo-nimrod/pvol/hameldon-hill/2026/01/15/lp/20260115_polar_pl_radar04_aggregate_lp_0000.h5
hameldon-hill,20260115,0000,lp,dataset3,2.0,153000,4477,0.02926143790849673,-8.19999885559082,0,0,153000,5870,86397,30247,18348,3.74,3.42,23.709999084472656,25.290000915527344,https://ncas-radar-o.s3-ext.jc.rl.ac.uk/uk-wsr-visualizer-public/ukmo-nimrod/pvol/hameldon-hill/2026/01/15/lp/20260115_polar_pl_radar04_aggregate_lp_0000.h5
hameldon-hill,20260115,0000,lp,dataset4,3.0,153000,4857,0.031745098039215686,-8.100000381469727,0,0,153000,4609,87656,28088,19190,3.61,3.33,23.639999389648438,25.209999084472656,https://ncas-radar-o.s3-ext.jc.rl.ac.uk/uk-wsr-visualizer-public/ukmo-nimrod/pvol/hameldon-hill/2026/01/15/lp/20260115_polar_pl_radar04_aggregate_lp_0000.h5
hameldon-hill,20260115,0000,lp,dataset5,4.0,153000,5028,0.032862745098039214,-8.69999885559082,0,0,153000,4408,87614,27357,19619,3.56,3.28,23.56999969482422,25.149999618530273,https://ncas-radar-o.s3-ext.jc.rl.ac.uk/uk-wsr-visualizer-public/ukmo-nimrod/pvol/hameldon-hill/2026/01/15/lp/20260115_polar_pl_radar04_aggregate_lp_0000.h5
hameldon-hill,20260115,0000,sp,dataset1,1.0,68040,9969,0.1465167548500882,12.900001525878906,4473,0,68040,5230,53008,12697,23867,,,-32.0,-32.0,https://ncas-radar-o.s3-ext.jc.rl.ac.uk/uk-wsr-visualizer-public/ukmo-nimrod/pvol/hameldon-hill/2026/01/15/sp/20260115_polar_pl_radar04_aggregate_sp_0000.h5
hameldon-hill,20260115,0000,sp,dataset2,2.0,68040,12786,0.18791887125220458,12.700000762939453,4873,0,68040,1587,59353,6419,29995,,,-32.0,-32.0,https://ncas-radar-o.s3-ext.jc.rl.ac.uk/uk-wsr-visualizer-public/ukmo-nimrod/pvol/hameldon-hill/2026/01/15/sp/20260115_polar_pl_radar04_aggregate_sp_0000.h5
hameldon-hill,20260115,0000,sp,dataset3,4.0,68040,14659,0.21544679600235156,12.5,5171,0,68040,1094,60787,4831,35781,,,-32.0,-32.0,https://ncas-radar-o.s3-ext.jc.rl.ac.uk/uk-wsr-visualizer-public/ukmo-nimrod/pvol/hameldon-hill/2026/01/15/sp/20260115_polar_pl_radar04_aggregate_sp_0000.h5
hameldon-hill,20260115,0000,sp,dataset4,6.0,68040,15298,0.22483833039388595,12.5,5088,0,68040,1222,60960,4204,39427,,,-32.0,-32.0,https://ncas-radar-o.s3-ext.jc.rl.ac.uk/uk-wsr-visualizer-public/ukmo-nimrod/pvol/hameldon-hill/2026/01/15/sp/20260115_polar_pl_radar04_aggregate_sp_0000.h5
hameldon-hill,20260115,0000,sp,dataset5,9.0,68040,16637,0.24451793062904173,12.400001525878906,4984,0,68040,721,62904,3023,43642,,,-32.0,-32.0,https://ncas-radar-o.s3-ext.jc.rl.ac.uk/uk-wsr-visualizer-public/ukmo-nimrod/pvol/hameldon-hill/2026/01/15/sp/20260115_polar_pl_radar04_aggregate_sp_0000.h5
hameldon-hill,20260115,0000,sp,dataset6,89.9,57600,482,0.008368055555555556,-7.399999618530273,0,0,57600,13819,14611,25608,1823,,,-32.0,-32.0,https://ncas-radar-o.s3-ext.jc.rl.ac.uk/uk-wsr-visualizer-public/ukmo-nimrod/pvol/hameldon-hill/2026/01/15/sp/20260115_polar_pl_radar04_aggregate_sp_0000.h5
hameldon-hill,20260415,1200,lp,dataset1,0.45,153000,15927,0.10409803921568628,-8.69999885559082,0,0,153000,14529,120266,41683,33163,4.19,3.84,24.25,25.329999923706055,https://ncas-radar-o.s3-ext.jc.rl.ac.uk/uk-wsr-visualizer-public/ukmo-nimrod/pvol/hameldon-hill/2026/04/15/lp/20260415_polar_pl_radar04_aggregate_lp_1200.h5
hameldon-hill,20260415,1200,lp,dataset2,1.0,153000,14358,0.09384313725490197,-8.899999618530273,0,0,153000,11911,120831,38710,31517,3.91,3.44,24.059999465942383,25.100000381469727,https://ncas-radar-o.s3-ext.jc.rl.ac.uk/uk-wsr-visualizer-public/ukmo-nimrod/pvol/hameldon-hill/2026/04/15/lp/20260415_polar_pl_radar04_aggregate_lp_1200.h5
hameldon-hill,20260415,1200,lp,dataset3,2.0,153000,4343,0.02838562091503268,-8.69999885559082,0,0,153000,7643,85079,32973,17714,3.82,3.29,23.8799991607666,24.920000076293945,https://ncas-radar-o.s3-ext.jc.rl.ac.uk/uk-wsr-visualizer-public/ukmo-nimrod/pvol/hameldon-hill/2026/04/15/lp/20260415_polar_pl_radar04_aggregate_lp_1200.h5
hameldon-hill,20260415,1200,lp,dataset4,3.0,153000,4674,0.030549019607843137,-8.100000381469727,0,0,153000,6500,85358,31288,18453,3.64,3.22,23.790000915527344,24.81999969482422,https://ncas-radar-o.s3-ext.jc.rl.ac.uk/uk-wsr-visualizer-public/ukmo-nimrod/pvol/hameldon-hill/2026/04/15/lp/20260415_polar_pl_radar04_aggregate_lp_1200.h5
hameldon-hill,20260415,1200,lp,dataset5,4.0,153000,5011,0.032751633986928104,-7.899999618530273,0,0,153000,7018,84860,32013,19473,3.67,3.15,23.729999542236328,24.780000686645508,https://ncas-radar-o.s3-ext.jc.rl.ac.uk/uk-wsr-visualizer-public/ukmo-nimrod/pvol/hameldon-hill/2026/04/15/lp/20260415_polar_pl_radar04_aggregate_lp_1200.h5
hameldon-hill,20260415,1200,sp,dataset1,1.0,68040,11320,0.16637272192827748,13.0,4591,0,68040,5805,51222,15050,26645,,,-32.0,-32.0,https://ncas-radar-o.s3-ext.jc.rl.ac.uk/uk-wsr-visualizer-public/ukmo-nimrod/pvol/hameldon-hill/2026/04/15/sp/20260415_polar_pl_radar04_aggregate_sp_1200.h5
hameldon-hill,20260415,1200,sp,dataset2,2.0,68040,13160,0.1934156378600823,12.900001525878906,4860,0,68040,2553,56754,10203,30716,,,-32.0,-32.0,https://ncas-radar-o.s3-ext.jc.rl.ac.uk/uk-wsr-visualizer-public/ukmo-nimrod/pvol/hameldon-hill/2026/04/15/sp/20260415_polar_pl_radar04_aggregate_sp_1200.h5
hameldon-hill,20260415,1200,sp,dataset3,4.0,68040,14615,0.21480011757789536,12.700000762939453,5000,0,68040,2268,57900,9151,36882,,,-32.0,-32.0,https://ncas-radar-o.s3-ext.jc.rl.ac.uk/uk-wsr-visualizer-public/ukmo-nimrod/pvol/hameldon-hill/2026/04/15/sp/20260415_polar_pl_radar04_aggregate_sp_1200.h5
hameldon-hill,20260415,1200,sp,dataset4,6.0,68040,16301,0.23957965902410347,12.5,5053,0,68040,2788,58045,9289,42435,,,-32.0,-32.0,https://ncas-radar-o.s3-ext.jc.rl.ac.uk/uk-wsr-visualizer-public/ukmo-nimrod/pvol/hameldon-hill/2026/04/15/sp/20260415_polar_pl_radar04_aggregate_sp_1200.h5
hameldon-hill,20260415,1200,sp,dataset5,9.0,68040,17347,0.25495296884185775,12.5,5130,0,68040,1884,59291,8577,45916,,,-32.0,-32.0,https://ncas-radar-o.s3-ext.jc.rl.ac.uk/uk-wsr-visualizer-public/ukmo-nimrod/pvol/hameldon-hill/2026/04/15/sp/20260415_polar_pl_radar04_aggregate_sp_1200.h5
hameldon-hill,20260415,1200,sp,dataset6,89.9,57600,448,0.0077777777777777776,-7.299999237060547,0,0,57600,21226,10156,36694,1756,,,-32.0,-32.0,https://ncas-radar-o.s3-ext.jc.rl.ac.uk/uk-wsr-visualizer-public/ukmo-nimrod/pvol/hameldon-hill/2026/04/15/sp/20260415_polar_pl_radar04_aggregate_sp_1200.h5
hameldon-hill,20260711,2100,lp,dataset1,0.45,153000,17074,0.11159477124183007,-9.0,0,0,153000,14092,118654,42570,39213,4.39,3.87,24.6200008392334,25.040000915527344,https://ncas-radar-o.s3-ext.jc.rl.ac.uk/uk-wsr-visualizer-public/ukmo-nimrod/pvol/hameldon-hill/2026/07/11/lp/20260711_polar_pl_radar04_aggregate_lp_2100.h5
hameldon-hill,20260711,2100,lp,dataset2,1.0,153000,16247,0.10618954248366014,-9.100000381469727,0,0,153000,11368,120391,39665,37276,4.1,3.53,24.3799991607666,24.75,https://ncas-radar-o.s3-ext.jc.rl.ac.uk/uk-wsr-visualizer-public/ukmo-nimrod/pvol/hameldon-hill/2026/07/11/lp/20260711_polar_pl_radar04_aggregate_lp_2100.h5
hameldon-hill,20260711,2100,lp,dataset3,2.0,153000,4857,0.031745098039215686,-7.399999618530273,0,0,153000,6790,83630,33583,19870,3.89,3.26,24.190000534057617,24.540000915527344,https://ncas-radar-o.s3-ext.jc.rl.ac.uk/uk-wsr-visualizer-public/ukmo-nimrod/pvol/hameldon-hill/2026/07/11/lp/20260711_polar_pl_radar04_aggregate_lp_2100.h5
hameldon-hill,20260711,2100,lp,dataset4,3.0,153000,4977,0.03252941176470588,-8.600000381469727,0,0,153000,6051,84647,32146,20416,3.85,3.22,24.1200008392334,24.459999084472656,https://ncas-radar-o.s3-ext.jc.rl.ac.uk/uk-wsr-visualizer-public/ukmo-nimrod/pvol/hameldon-hill/2026/07/11/lp/20260711_polar_pl_radar04_aggregate_lp_2100.h5
hameldon-hill,20260711,2100,lp,dataset5,4.0,153000,5083,0.03322222222222222,-8.299999237060547,0,0,153000,6469,84257,32463,20716,3.75,3.15,24.06999969482422,24.399999618530273,https://ncas-radar-o.s3-ext.jc.rl.ac.uk/uk-wsr-visualizer-public/ukmo-nimrod/pvol/hameldon-hill/2026/07/11/lp/20260711_polar_pl_radar04_aggregate_lp_2100.h5
hameldon-hill,20260711,2100,sp,dataset1,1.0,68040,12237,0.17985008818342152,13.299999237060547,5714,0,68040,5524,51722,13547,34563,,,-32.0,-32.0,https://ncas-radar-o.s3-ext.jc.rl.ac.uk/uk-wsr-visualizer-public/ukmo-nimrod/pvol/hameldon-hill/2026/07/11/sp/20260711_polar_pl_radar04_aggregate_sp_2100.h5
hameldon-hill,20260711,2100,sp,dataset2,2.0,68040,14291,0.21003821281599058,13.10000228881836,5547,0,68040,2067,57842,8807,40742,,,-32.0,-32.0,https://ncas-radar-o.s3-ext.jc.rl.ac.uk/uk-wsr-visualizer-public/ukmo-nimrod/pvol/hameldon-hill/2026/07/11/sp/20260711_polar_pl_radar04_aggregate_sp_2100.h5
hameldon-hill,20260711,2100,sp,dataset3,4.0,68040,16046,0.2358318636096414,13.0,5664,0,68040,1958,58915,8228,43150,,,-32.0,-32.0,https://ncas-radar-o.s3-ext.jc.rl.ac.uk/uk-wsr-visualizer-public/ukmo-nimrod/pvol/hameldon-hill/2026/07/11/sp/20260711_polar_pl_radar04_aggregate_sp_2100.h5
hameldon-hill,20260711,2100,sp,dataset4,6.0,68040,16505,0.24257789535567315,13.0,5587,0,68040,2529,58797,8267,44644,,,-32.0,-32.0,https://ncas-radar-o.s3-ext.jc.rl.ac.uk/uk-wsr-visualizer-public/ukmo-nimrod/pvol/hameldon-hill/2026/07/11/sp/20260711_polar_pl_radar04_aggregate_sp_2100.h5
hameldon-hill,20260711,2100,sp,dataset5,9.0,68040,17139,0.25189594356261025,12.900001525878906,5734,0,68040,1709,60186,7520,46410,,,-32.0,-32.0,https://ncas-radar-o.s3-ext.jc.rl.ac.uk/uk-wsr-visualizer-public/ukmo-nimrod/pvol/hameldon-hill/2026/07/11/sp/20260711_polar_pl_radar04_aggregate_sp_2100.h5
hameldon-hill,20260711,2100,sp,dataset6,89.9,57600,428,0.007430555555555556,-6.899999618530273,0,0,57600,19494,11025,34423,2019,,,-32.0,-32.0,https://ncas-radar-o.s3-ext.jc.rl.ac.uk/uk-wsr-visualizer-public/ukmo-nimrod/pvol/hameldon-hill/2026/07/11/sp/20260711_polar_pl_radar04_aggregate_sp_2100.h5
high-moorsley,20260115,0000,lp,dataset1,0.5,153000,11770,0.0769281045751634,-9.100000381469727,0,0,153000,13575,125438,36196,26666,2.92,3.73,24.5649995803833,23.899999618530273,https://ncas-radar-o.s3-ext.jc.rl.ac.uk/uk-wsr-visualizer-public/ukmo-nimrod/pvol/high-moorsley/2026/01/15/lp/20260115_polar_pl_radar23_aggregate_lp_0000.h5
high-moorsley,20260115,0000,lp,dataset2,0.95,153000,11771,0.07693464052287581,-9.899999618530273,0,0,153000,10561,125802,33747,26931,2.61,3.47,24.440000534057617,23.770000457763672,https://ncas-radar-o.s3-ext.jc.rl.ac.uk/uk-wsr-visualizer-public/ukmo-nimrod/pvol/high-moorsley/2026/01/15/lp/20260115_polar_pl_radar23_aggregate_lp_0000.h5
high-moorsley,20260115,0000,lp,dataset3,2.0,153000,4150,0.02712418300653595,-10.19999885559082,0,0,153000,8077,86613,31298,16883,2.47,3.23,24.309999465942383,23.649999618530273,https://ncas-radar-o.s3-ext.jc.rl.ac.uk/uk-wsr-visualizer-public/ukmo-nimrod/pvol/high-moorsley/2026/01/15/lp/20260115_polar_pl_radar23_aggregate_lp_0000.h5
high-moorsley,20260115,0000,lp,dataset4,3.0,153000,4759,0.031104575163398693,-10.600000381469727,0,0,153000,7863,87812,29910,18448,2.37,3.19,24.239999771118164,23.579999923706055,https://ncas-radar-o.s3-ext.jc.rl.ac.uk/uk-wsr-visualizer-public/ukmo-nimrod/pvol/high-moorsley/2026/01/15/lp/20260115_polar_pl_radar23_aggregate_lp_0000.h5
high-moorsley,20260115,0000,lp,dataset5,3.95,153000,4663,0.030477124183006535,-9.600000381469727,0,0,153000,7478,87425,29246,18690,2.34,3.07,24.190000534057617,23.530000686645508,https://ncas-radar-o.s3-ext.jc.rl.ac.uk/uk-wsr-visualizer-public/ukmo-nimrod/pvol/high-moorsley/2026/01/15/lp/20260115_polar_pl_radar23_aggregate_lp_0000.h5
high-moorsley,20260115,0000,sp,dataset1,1.0,68040,9791,0.14390064667842445,11.299999237060547,1670,0,68040,5457,53534,13229,20654,,,-32.0,-32.0,https://ncas-radar-o.s3-ext.jc.rl.ac.uk/uk-wsr-visualizer-public/ukmo-nimrod/pvol/high-moorsley/2026/01/15/sp/20260115_polar_pl_radar23_aggregate_sp_0000.h5
high-moorsley,20260115,0000,sp,dataset2,2.0,68040,11671,0.17153145208700765,11.10000228881836,1889,0,68040,3497,57256,10540,27194,,,-32.0,-32.0,https://ncas-radar-o.s3-ext.jc.rl.ac.uk/uk-wsr-visualizer-public/ukmo-nimrod/pvol/high-moorsley/2026/01/15/sp/20260115_polar_pl_radar23_aggregate_sp_0000.h5
high-moorsley,20260115,0000,sp,dataset3,4.0,68040,13221,0.19431216931216932,10.900001525878906,2067,0,68040,3035,58624,9458,33909,,,-32.0,-32.0,https://ncas-radar-o.s3-ext.jc.rl.ac.uk/uk-wsr-visualizer-public/ukmo-nimrod/pvol/high-moorsley/2026/01/15/sp/20260115_polar_pl_radar23_aggregate_sp_0000.h5
high-moorsley,20260115,0000,sp,dataset4,6.0,68040,14098,0.20720164609053499,10.900001525878906,1911,0,68040,3708,58424,9434,36757,,,-32.0,-32.0,https://ncas-radar-o.s3-ext.jc.rl.ac.uk/uk-wsr-visualizer-public/ukmo-nimrod/pvol/high-moorsley/2026/01/15/sp/20260115_polar_pl_radar23_aggregate_sp_0000.h5
high-moorsley,20260115,0000,sp,dataset5,9.0,68040,15785,0.23199588477366256,10.900001525878906,1966,0,68040,2722,58997,8530,40649,,,-32.0,-32.0,https://ncas-radar-o.s3-ext.jc.rl.ac.uk/uk-wsr-visualizer-public/ukmo-nimrod/pvol/high-moorsley/2026/01/15/sp/20260115_polar_pl_radar23_aggregate_sp_0000.h5
high-moorsley,20260115,0000,sp,dataset6,89.9,57600,319,0.0055381944444444445,-8.600000381469727,0,0,57600,21323,9433,36591,1793,,,-32.0,-32.0,https://ncas-radar-o.s3-ext.jc.rl.ac.uk/uk-wsr-visualizer-public/ukmo-nimrod/pvol/high-moorsley/2026/01/15/sp/20260115_polar_pl_radar23_aggregate_sp_0000.h5
high-moorsley,20260415,1200,lp,dataset1,0.5,153000,17946,0.11729411764705883,-10.0,0,0,153000,13046,124384,39481,38521,3.21,3.84,25.0,24.1200008392334,https://ncas-radar-o.s3-ext.jc.rl.ac.uk/uk-wsr-visualizer-public/ukmo-nimrod/pvol/high-moorsley/2026/04/15/lp/20260415_polar_pl_radar23_aggregate_lp_1200.h5
high-moorsley,20260415,1200,lp,dataset2,1.0,153000,16714,0.10924183006535948,-10.600000381469727,0,0,153000,10250,124885,36835,36993,2.99,3.7,24.8700008392334,23.989999771118164,https://ncas-radar-o.s3-ext.jc.rl.ac.uk/uk-wsr-visualizer-public/ukmo-nimrod/pvol/high-moorsley/2026/04/15/lp/20260415_polar_pl_radar23_aggregate_lp_1200.h5
high-moorsley,20260415,1200,lp,dataset3,2.0,153000,4955,0.03238562091503268,-10.100000381469727,0,0,153000,8026,83918,32696,20306,2.93,3.54,24.780000686645508,23.8700008392334,https://ncas-radar-o.s3-ext.jc.rl.ac.uk/uk-wsr-visualizer-public/ukmo-nimrod/pvol/high-moorsley/2026/04/15/lp/20260415_polar_pl_radar23_aggregate_lp_1200.h5
high-moorsley,20260415,1200,lp,dataset4,3.0,153000,5259,0.034372549019607845,-9.5,0,0,153000,7596,84463,31891,21244,2.75,3.5,24.709999084472656,23.809999465942383,https://ncas-radar-o.s3-ext.jc.rl.ac.uk/uk-wsr-visualizer-public/ukmo-nimrod/pvol/high-moorsley/2026/04/15/lp/20260415_polar_pl_radar23_aggregate_lp_1200.h5
high-moorsley,20260415,1200,lp,dataset5,3.95,153000,5555,0.03630718954248366,-8.799999237060547,0,0,153000,7222,84878,31453,21424,2.81,3.42,24.65999984741211,23.760000228881836,https://ncas-radar-o.s3-ext.jc.rl.ac.uk/uk-wsr-visualizer-public/ukmo-nimrod/pvol/high-moorsley/2026/04/15/lp/20260415_polar_pl_radar23_aggregate_lp_1200.h5
high-moorsley,20260415,1200,sp,dataset1,1.0,68040,14355,0.210978835978836,11.60000228881836,3078,0,68040,5057,53593,13917,39715,,,-32.0,-32.0,https://ncas-radar-o.s3-ext.jc.rl.ac.uk/uk-wsr-visualizer-public/ukmo-nimrod/pvol/high-moorsley/2026/04/15/sp/20260415_polar_pl_radar23_aggregate_sp_1200.h5
high-moorsley,20260415,1200,sp,dataset2,2.0,68040,15959,0.23455320399764845,11.5,3079,0,68040,3011,57481,11103,44081,,,-32.0,-32.0,https://ncas-radar-o.s3-ext.jc.rl.ac.uk/uk-wsr-visualizer-public/ukmo-nimrod/pvol/high-moorsley/2026/04/15/sp/20260415_polar_pl_radar23_aggregate_sp_1200.h5
high-moorsley,20260415,1200,sp,dataset3,4.0,68040,16810,0.24706055261610818,11.400001525878906,3082,0,68040,2583,58536,9781,45563,,,-32.0,-32.0,https://ncas-radar-o.s3-ext.jc.rl.ac.uk/uk-wsr-visualizer-public/ukmo-nimrod/pvol/high-moorsley/2026/04/15/sp/20260415_polar_pl_radar23_aggregate_sp_1200.h5
high-moorsley,20260415,1200,sp,dataset4,6.0,68040,17407,0.2558348030570253,11.400001525878906,2839,0,68040,3319,58225,10102,45487,,,-32.0,-32.0,https://ncas-radar-o.s3-ext.jc.rl.ac.uk/uk-wsr-visualizer-public/ukmo-nimrod/pvol/high-moorsley/2026/04/15/sp/20260415_polar_pl_radar23_aggregate_sp_1200.h5
high-moorsley,20260415,1200,sp,dataset5,9.0,68040,17761,0.26103762492651383,11.299999237060547,3034,0,68040,2340,59008,9471,46474,,,-32.0,-32.0,https://ncas-radar-o.s3-ext.jc.rl.ac.uk/uk-wsr-visualizer-public/ukmo-nimrod/pvol/high-moorsley/2026/04/15/sp/20260415_polar_pl_radar23_aggregate_sp_1200.h5
high-moorsley,20260415,1200,sp,dataset6,89.9,57600,400,0.006944444444444444,-8.19999885559082,0,0,57600,20668,10431,36077,1968,,,-32.0,-32.0,https://ncas-radar-o.s3-ext.jc.rl.ac.uk/uk-wsr-visualizer-public/ukmo-nimrod/pvol/high-moorsley/2026/04/15/sp/20260415_polar_pl_radar23_aggregate_sp_1200.h5
high-moorsley,20260711,2100,lp,dataset1,0.5,153000,20884,0.1364967320261438,-11.100000381469727,0,0,153000,13830,124735,39085,43940,8.93,9.9,25.059999465942383,24.139999389648438,https://ncas-radar-o.s3-ext.jc.rl.ac.uk/uk-wsr-visualizer-public/ukmo-nimrod/pvol/high-moorsley/2026/07/11/lp/20260711_polar_pl_radar23_aggregate_lp_2100.h5
high-moorsley,20260711,2100,lp,dataset2,1.0,153000,19103,0.1248562091503268,-10.799999237060547,0,0,153000,10368,125567,36361,41072,3.09,3.65,24.940000534057617,24.0,https://ncas-radar-o.s3-ext.jc.rl.ac.uk/uk-wsr-visualizer-public/ukmo-nimrod/pvol/high-moorsley/2026/07/11/lp/20260711_polar_pl_radar23_aggregate_lp_2100.h5
high-moorsley,20260711,2100,lp,dataset3,2.0,153000,5239,0.034241830065359476,-9.600000381469727,0,0,153000,7669,84257,32305,21102,3.03,3.58,24.850000381469727,23.889999389648438,https://ncas-radar-o.s3-ext.jc.rl.ac.uk/uk-wsr-visualizer-public/ukmo-nimrod/pvol/high-moorsley/2026/07/11/lp/20260711_polar_pl_radar23_aggregate_lp_2100.h5
high-moorsley,20260711,2100,lp,dataset4,3.0,153000,5312,0.03471895424836601,-9.100000381469727,0,0,153000,7517,84474,31562,21241,2.86,3.38,24.790000915527344,23.829999923706055,https://ncas-radar-o.s3-ext.jc.rl.ac.uk/uk-wsr-visualizer-public/ukmo-nimrod/pvol/high-moorsley/2026/07/11/lp/20260711_polar_pl_radar23_aggregate_lp_2100.h5
high-moorsley,20260711,2100,lp,dataset5,3.95,153000,5419,0.03541830065359477,-10.19999885559082,0,0,153000,7207,85174,31084,21674,2.77,3.33,24.75,23.77500057220459,https://ncas-radar-o.s3-ext.jc.rl.ac.uk/uk-wsr-visualizer-public/ukmo-nimrod/pvol/high-moorsley/2026/07/11/lp/20260711_polar_pl_radar23_aggregate_lp_2100.h5
high-moorsley,20260711,2100,sp,dataset1,1.0,68040,14760,0.21693121693121692,11.700000762939453,3553,0,68040,4967,53574,13139,39810,,,-32.0,-32.0,https://ncas-radar-o.s3-ext.jc.rl.ac.uk/uk-wsr-visualizer-public/ukmo-nimrod/pvol/high-moorsley/2026/07/11/sp/20260711_polar_pl_radar23_aggregate_sp_2100.h5
high-moorsley,20260711,2100,sp,dataset2,2.0,68040,16534,0.24300411522633744,11.60000228881836,3235,0,68040,2774,57772,10048,44040,,,-32.0,-32.0,https://ncas-radar-o.s3-ext.jc.rl.ac.uk/uk-wsr-visualizer-public/ukmo-nimrod/pvol/high-moorsley/2026/07/11/sp/20260711_polar_pl_radar23_aggregate_sp_2100.h5
high-moorsley,20260711,2100,sp,dataset3,4.0,68040,17113,0.2515138154027043,11.5,3092,0,68040,2480,58406,9373,44788,,,-32.0,-32.0,https://ncas-radar-o.s3-ext.jc.rl.ac.uk/uk-wsr-visualizer-public/ukmo-nimrod/pvol/high-moorsley/2026/07/11/sp/20260711_polar_pl_radar23_aggregate_sp_2100.h5
high-moorsley,20260711,2100,sp,dataset4,6.0,68040,16496,0.242445620223398,11.400001525878906,3032,0,68040,3253,57528,9853,42702,,,-32.0,-32.0,https://ncas-radar-o.s3-ext.jc.rl.ac.uk/uk-wsr-visualizer-public/ukmo-nimrod/pvol/high-moorsley/2026/07/11/sp/20260711_polar_pl_radar23_aggregate_sp_2100.h5
high-moorsley,20260711,2100,sp,dataset5,9.0,68040,17401,0.25574661963550854,11.400001525878906,3263,0,68040,2386,58864,9320,44041,,,-32.0,-32.0,https://ncas-radar-o.s3-ext.jc.rl.ac.uk/uk-wsr-visualizer-public/ukmo-nimrod/pvol/high-moorsley/2026/07/11/sp/20260711_polar_pl_radar23_aggregate_sp_2100.h5
high-moorsley,20260711,2100,sp,dataset6,89.9,57600,397,0.006892361111111111,-8.299999237060547,0,0,57600,18821,13012,34733,2048,,,-32.0,-32.0,https://ncas-radar-o.s3-ext.jc.rl.ac.uk/uk-wsr-visualizer-public/ukmo-nimrod/pvol/high-moorsley/2026/07/11/sp/20260711_polar_pl_radar23_aggregate_sp_2100.h5
holehead,20260115,0000,lp,dataset1,0.5,153000,12387,0.08096078431372548,-9.899999618530273,0,0,153000,9531,127185,31811,26370,4.01,3.88,25.100000381469727,24.940000534057617,https://ncas-radar-o.s3-ext.jc.rl.ac.uk/uk-wsr-visualizer-public/ukmo-nimrod/pvol/holehead/2026/01/15/lp/20260115_polar_pl_radar18_aggregate_lp_0000.h5
holehead,20260115,0000,lp,dataset2,1.0,153000,12049,0.07875163398692811,-10.299999237060547,0,0,153000,4269,130174,26315,26329,3.89,3.77,24.979999542236328,24.790000915527344,https://ncas-radar-o.s3-ext.jc.rl.ac.uk/uk-wsr-visualizer-public/ukmo-nimrod/pvol/holehead/2026/01/15/lp/20260115_polar_pl_radar18_aggregate_lp_0000.h5
holehead,20260115,0000,lp,dataset3,2.0,153000,3836,0.0250718954248366,-9.69999885559082,0,0,153000,3551,92556,23695,15684,3.81,3.65,24.860000610351562,24.65999984741211,https://ncas-radar-o.s3-ext.jc.rl.ac.uk/uk-wsr-visualizer-public/ukmo-nimrod/pvol/holehead/2026/01/15/lp/20260115_polar_pl_radar18_aggregate_lp_0000.h5
holehead,20260115,0000,lp,dataset4,3.0,153000,4221,0.027588235294117646,-8.5,0,0,153000,3636,91790,23816,17468,3.76,3.62,24.790000915527344,24.579999923706055,https://ncas-radar-o.s3-ext.jc.rl.ac.uk/uk-wsr-visualizer-public/ukmo-nimrod/pvol/holehead/2026/01/15/lp/20260115_polar_pl_radar18_aggregate_lp_0000.h5
holehead,20260115,0000,lp,dataset5,3.95,153000,4598,0.030052287581699345,-8.899999618530273,0,0,153000,4281,90418,24053,18337,3.69,3.45,24.75,24.530000686645508,https://ncas-radar-o.s3-ext.jc.rl.ac.uk/uk-wsr-visualizer-public/ukmo-nimrod/pvol/holehead/2026/01/15/lp/20260115_polar_pl_radar18_aggregate_lp_0000.h5
holehead,20260115,0000,sp,dataset1,1.0,68040,7155,0.10515873015873016,12.5,3032,0,68040,744,57640,5665,14318,,,-32.0,-32.0,https://ncas-radar-o.s3-ext.jc.rl.ac.uk/uk-wsr-visualizer-public/ukmo-nimrod/pvol/holehead/2026/01/15/sp/20260115_polar_pl_radar18_aggregate_sp_0000.h5
holehead,20260115,0000,sp,dataset2,2.0,68040,8918,0.13106995884773662,12.299999237060547,3462,0,68040,264,60916,3648,20110,,,-32.0,-32.0,https://ncas-radar-o.s3-ext.jc.rl.ac.uk/uk-wsr-visualizer-public/ukmo-nimrod/pvol/holehead/2026/01/15/sp/20260115_polar_pl_radar18_aggregate_sp_0000.h5
holehead,20260115,0000,sp,dataset3,4.0,68040,11030,0.16211052322163433,12.0,4183,0,68040,481,60337,3970,29461,,,-32.0,-32.0,https://ncas-radar-o.s3-ext.jc.rl.ac.uk/uk-wsr-visualizer-public/ukmo-nimrod/pvol/holehead/2026/01/15/sp/20260115_polar_pl_radar18_aggregate_sp_0000.h5
holehead,20260115,0000,sp,dataset4,6.0,68040,12867,0.18910934744268076,12.10000228881836,4055,0,68040,320,60722,4188,35963,,,-32.0,-32.0,https://ncas-radar-o.s3-ext.jc.rl.ac.uk/uk-wsr-visualizer-public/ukmo-nimrod/pvol/holehead/2026/01/15/sp/20260115_polar_pl_radar18_aggregate_sp_0000.h5
holehead,20260115,0000,sp,dataset5,9.0,68040,14386,0.2114344503233392,12.0,4056,0,68040,255,60853,4425,39525,,,-32.0,-32.0,https://ncas-radar-o.s3-ext.jc.rl.ac.uk/uk-wsr-visualizer-public/ukmo-nimrod/pvol/holehead/2026/01/15/sp/20260115_polar_pl_radar18_aggregate_sp_0000.h5
holehead,20260115,0000,sp,dataset6,89.9,57600,567,0.00984375,-7.799999237060547,0,0,57600,6530,26980,15199,4290,,,-32.0,-32.0,https://ncas-radar-o.s3-ext.jc.rl.ac.uk/uk-wsr-visualizer-public/ukmo-nimrod/pvol/holehead/2026/01/15/sp/20260115_polar_pl_radar18_aggregate_sp_0000.h5
holehead,20260415,1200,lp,dataset1,0.5,153000,13708,0.08959477124183006,-8.799999237060547,0,0,153000,9955,124037,35362,29438,4.09,3.81,25.170000076293945,24.93000030517578,https://ncas-radar-o.s3-ext.jc.rl.ac.uk/uk-wsr-visualizer-public/ukmo-nimrod/pvol/holehead/2026/04/15/lp/20260415_polar_pl_radar18_aggregate_lp_1200.h5
holehead,20260415,1200,lp,dataset2,1.0,153000,13356,0.08729411764705883,-10.19999885559082,0,0,153000,4864,127503,29953,29467,3.92,3.58,25.0,24.729999542236328,https://ncas-radar-o.s3-ext.jc.rl.ac.uk/uk-wsr-visualizer-public/ukmo-nimrod/pvol/holehead/2026/04/15/lp/20260415_polar_pl_radar18_aggregate_lp_1200.h5
holehead,20260415,1200,lp,dataset3,2.0,153000,3940,0.025751633986928105,-8.899999618530273,0,0,153000,3129,90258,25564,16894,3.86,3.5,24.8700008392334,24.579999923706055,https://ncas-radar-o.s3-ext.jc.rl.ac.uk/uk-wsr-visualizer-public/ukmo-nimrod/pvol/holehead/2026/04/15/lp/20260415_polar_pl_radar18_aggregate_lp_1200.h5
holehead,20260415,1200,lp,dataset4,3.0,153000,4240,0.027712418300653595,-9.19999885559082,0,0,153000,2867,91336,24763,17528,3.85,3.37,24.809999465942383,24.469999313354492,https://ncas-radar-o.s3-ext.jc.rl.ac.uk/uk-wsr-visualizer-public/ukmo-nimrod/pvol/holehead/2026/04/15/lp/20260415_polar_pl_radar18_aggregate_lp_1200.h5
holehead,20260415,1200,lp,dataset5,3.95,153000,4585,0.029967320261437908,-9.100000381469727,0,0,153000,3314,89974,25179,18135,3.69,3.36,24.760000228881836,24.450000762939453,https://ncas-radar-o.s3-ext.jc.rl.ac.uk/uk-wsr-visualizer-public/ukmo-nimrod/pvol/holehead/2026/04/15/lp/20260415_polar_pl_radar18_aggregate_lp_1200.h5
holehead,20260415,1200,sp,dataset1,1.0,68040,8608,0.1265138154027043,12.299999237060547,3319,0,68040,1043,58318,6271,19613,,,-32.0,-32.0,https://ncas-radar-o.s3-ext.jc.rl.ac.uk/uk-wsr-visualizer-public/ukmo-nimrod/pvol/holehead/2026/04/15/sp/20260415_polar_pl_radar18_aggregate_sp_1200.h5
holehead,20260415,1200,sp,dataset2,2.0,68040,10567,0.15530570252792475,12.200000762939453,3546,0,68040,277,62279,2835,24900,,,-32.0,-32.0,https://ncas-radar-o.s3-ext.jc.rl.ac.uk/uk-wsr-visualizer-public/ukmo-nimrod/pvol/holehead/2026/04/15/sp/20260415_polar_pl_radar18_aggregate_sp_1200.h5
holehead,20260415,1200,sp,dataset3,4.0,68040,12289,0.18061434450323338,12.0,4200,0,68040,274,61633,2740,29184,,,-32.0,-32.0,https://ncas-radar-o.s3-ext.jc.rl.ac.uk/uk-wsr-visualizer-public/ukmo-nimrod/pvol/holehead/2026/04/15/sp/20260415_polar_pl_radar18_aggregate_sp_1200.h5
holehead,20260415,1200,sp,dataset4,6.0,68040,13941,0.2048941798941799,12.0,4124,0,68040,284,62651,2578,35416,,,-32.0,-32.0,https://ncas-radar-o.s3-ext.jc.rl.ac.uk/uk-wsr-visualizer-public/ukmo-nimrod/pvol/holehead/2026/04/15/sp/20260415_polar_pl_radar18_aggregate_sp_1200.h5
holehead,20260415,1200,sp,dataset5,9.0,68040,15437,0.22688124632569076,12.0,4114,0,68040,306,62369,3059,40067,,,-32.0,-32.0,https://ncas-radar-o.s3-ext.jc.rl.ac.uk/uk-wsr-visualizer-public/ukmo-nimrod/pvol/holehead/2026/04/15/sp/20260415_polar_pl_radar18_aggregate_sp_1200.h5
holehead,20260415,1200,sp,dataset6,89.9,57600,570,0.009895833333333333,-7.899999618530273,0,0,57600,5450,29538,12077,4188,,,-32.0,-32.0,https://ncas-radar-o.s3-ext.jc.rl.ac.uk/uk-wsr-visualizer-public/ukmo-nimrod/pvol/holehead/2026/04/15/sp/20260415_polar_pl_radar18_aggregate_sp_1200.h5
holehead,20260711,2100,lp,dataset1,0.5,153000,19058,0.12456209150326797,-9.69999885559082,0,0,153000,18773,113439,50140,40365,4.1,3.78,25.324999809265137,24.84000015258789,https://ncas-radar-o.s3-ext.jc.rl.ac.uk/uk-wsr-visualizer-public/ukmo-nimrod/pvol/holehead/2026/07/11/lp/20260711_polar_pl_radar18_aggregate_lp_2100.h5
holehead,20260711,2100,lp,dataset2,1.0,153000,17569,0.11483006535947712,-9.799999237060547,0,0,153000,12912,115316,47500,38643,3.87,3.62,25.170000076293945,24.664999961853027,https://ncas-radar-o.s3-ext.jc.rl.ac.uk/uk-wsr-visualizer-public/ukmo-nimrod/pvol/holehead/2026/07/11/lp/20260711_polar_pl_radar18_aggregate_lp_2100.h5
holehead,20260711,2100,lp,dataset3,2.0,153000,4994,0.032640522875816994,-8.799999237060547,0,0,153000,9572,78726,41247,20300,4.09,3.41,25.059999465942383,24.545000076293945,https://ncas-radar-o.s3-ext.jc.rl.ac.uk/uk-wsr-visualizer-public/ukmo-nimrod/pvol/holehead/2026/07/11/lp/20260711_polar_pl_radar18_aggregate_lp_2100.h5
holehead,20260711,2100,lp,dataset4,3.0,153000,5019,0.03280392156862745,-8.5,0,0,153000,8840,79495,40110,20397,3.73,3.51,24.989999771118164,24.450000762939453,https://ncas-radar-o.s3-ext.jc.rl.ac.uk/uk-wsr-visualizer-public/ukmo-nimrod/pvol/holehead/2026/07/11/lp/20260711_polar_pl_radar18_aggregate_lp_2100.h5
holehead,20260711,2100,lp,dataset5,3.95,153000,5138,0.03358169934640523,-8.399999618530273,0,0,153000,9132,79721,38981,20610,3.72,3.38,24.940000534057617,24.43000030517578,https://ncas-radar-o.s3-ext.jc.rl.ac.uk/uk-wsr-visualizer-public/ukmo-nimrod/pvol/holehead/2026/07/11/lp/20260711_polar_pl_radar18_aggregate_lp_2100.h5
holehead,20260711,2100,sp,dataset1,1.0,68040,12679,0.18634626690182246,12.5,4309,0,68040,2994,51407,17491,37421,,,-32.0,-32.0,https://ncas-radar-o.s3-ext.jc.rl.ac.uk/uk-wsr-visualizer-public/ukmo-nimrod/pvol/holehead/2026/07/11/sp/20260711_polar_pl_radar18_aggregate_sp_2100.h5
holehead,20260711,2100,sp,dataset2,2.0,68040,14855,0.21832745443856555,12.400001525878906,4467,0,68040,1601,56491,12079,42503,,,-32.0,-32.0,https://ncas-radar-o.s3-ext.jc.rl.ac.uk/uk-wsr-visualizer-public/ukmo-nimrod/pvol/holehead/2026/07/11/sp/20260711_polar_pl_radar18_aggregate_sp_2100.h5
holehead,20260711,2100,sp,dataset3,4.0,68040,15436,0.22686654908877132,12.299999237060547,4185,0,68040,1685,57208,10681,43540,,,-32.0,-32.0,https://ncas-radar-o.s3-ext.jc.rl.ac.uk/uk-wsr-visualizer-public/ukmo-nimrod/pvol/holehead/2026/07/11/sp/20260711_polar_pl_radar18_aggregate_sp_2100.h5
holehead,20260711,2100,sp,dataset4,6.0,68040,15783,0.23196649029982364,12.200000762939453,4117,0,68040,1192,57995,9982,44255,,,-32.0,-32.0,https://ncas-radar-o.s3-ext.jc.rl.ac.uk/uk-wsr-visualizer-public/ukmo-nimrod/pvol/holehead/2026/07/11/sp/20260711_polar_pl_radar18_aggregate_sp_2100.h5
holehead,20260711,2100,sp,dataset5,9.0,68040,15865,0.23317166372721929,12.200000762939453,4003,0,68040,1094,58896,9446,45520,,,-32.0,-32.0,https://ncas-radar-o.s3-ext.jc.rl.ac.uk/uk-wsr-visualizer-public/ukmo-nimrod/pvol/holehead/2026/07/11/sp/20260711_polar_pl_radar18_aggregate_sp_2100.h5
holehead,20260711,2100,sp,dataset6,89.9,57600,852,0.014791666666666667,-7.600000381469727,0,0,57600,12816,22681,24034,4971,,,-32.0,-32.0,https://ncas-radar-o.s3-ext.jc.rl.ac.uk/uk-wsr-visualizer-public/ukmo-nimrod/pvol/holehead/2026/07/11/sp/20260711_polar_pl_radar18_aggregate_sp_2100.h5
ingham,20260115,0000,lp,dataset1,0.5,153000,13881,0.09072549019607844,-9.19999885559082,0,0,153000,20421,118429,44247,30624,3.52,3.43,24.989999771118164,25.15999984741211,https://ncas-radar-o.s3-ext.jc.rl.ac.uk/uk-wsr-visualizer-public/ukmo-nimrod/pvol/ingham/2026/01/15/lp/20260115_polar_pl_radar09_aggregate_lp_0000.h5
ingham,20260115,0000,lp,dataset2,1.0,153000,13961,0.0912483660130719,-10.0,0,0,153000,12821,122199,38285,31082,3.33,3.38,24.8700008392334,25.030000686645508,https://ncas-radar-o.s3-ext.jc.rl.ac.uk/uk-wsr-visualizer-public/ukmo-nimrod/pvol/ingham/2026/01/15/lp/20260115_polar_pl_radar09_aggregate_lp_0000.h5
ingham,20260115,0000,lp,dataset3,2.0,153000,4410,0.028823529411764706,-9.0,0,0,153000,9830,84517,33151,17690,3.34,3.28,24.75,24.899999618530273,https://ncas-radar-o.s3-ext.jc.rl.ac.uk/uk-wsr-visualizer-public/ukmo-nimrod/pvol/ingham/2026/01/15/lp/20260115_polar_pl_radar09_aggregate_lp_0000.h5
ingham,20260115,0000,lp,dataset4,3.0,153000,4777,0.03122222222222222,-8.399999618530273,0,0,153000,10188,84669,32665,18795,3.17,3.12,24.68000030517578,24.829999923706055,https://ncas-radar-o.s3-ext.jc.rl.ac.uk/uk-wsr-visualizer-public/ukmo-nimrod/pvol/ingham/2026/01/15/lp/20260115_polar_pl_radar09_aggregate_lp_0000.h5
ingham,20260115,0000,lp,dataset5,4.0,153000,4984,0.03257516339869281,-9.19999885559082,0,0,153000,9612,85208,31481,19755,3.21,3.06,24.6299991607666,24.780000686645508,https://ncas-radar-o.s3-ext.jc.rl.ac.uk/uk-wsr-visualizer-public/ukmo-nimrod/pvol/ingham/2026/01/15/lp/20260115_polar_pl_radar09_aggregate_lp_0000.h5
ingham,20260115,0000,sp,dataset1,1.0,68040,11630,0.1709288653733098,12.299999237060547,3809,0,68040,3538,50890,16294,28341,,,-32.0,-32.0,https://ncas-radar-o.s3-ext.jc.rl.ac.uk/uk-wsr-visualizer-public/ukmo-nimrod/pvol/ingham/2026/01/15/sp/20260115_polar_pl_radar09_aggregate_sp_0000.h5
ingham,20260115,0000,sp,dataset2,2.0,68040,13100,0.19253380364491476,12.10000228881836,4000,0,68040,2408,55459,11888,30875,,,-32.0,-32.0,https://ncas-radar-o.s3-ext.jc.rl.ac.uk/uk-wsr-visualizer-public/ukmo-nimrod/pvol/ingham/2026/01/15/sp/20260115_polar_pl_radar09_aggregate_sp_0000.h5
ingham,20260115,0000,sp,dataset3,4.0,68040,14544,0.21375661375661376,12.0,4056,0,68040,2766,56732,10478,36486,,,-32.0,-32.0,https://ncas-radar-o.s3-ext.jc.rl.ac.uk/uk-wsr-visualizer-public/ukmo-nimrod/pvol/ingham/2026/01/15/sp/20260115_polar_pl_radar09_aggregate_sp_0000.h5
ingham,20260115,0000,sp,dataset4,6.0,68040,15558,0.22865961199294532,12.0,4088,0,68040,2058,57576,9507,39872,,,-32.0,-32.0,https://ncas-radar-o.s3-ext.jc.rl.ac.uk/uk-wsr-visualizer-public/ukmo-nimrod/pvol/ingham/2026/01/15/sp/20260115_polar_pl_radar09_aggregate_sp_0000.h5
ingham,20260115,0000,sp,dataset5,9.0,68040,16532,0.24297472075249854,12.0,4092,0,68040,1830,57973,8679,42077,,,-32.0,-32.0,https://ncas-radar-o.s3-ext.jc.rl.ac.uk/uk-wsr-visualizer-public/ukmo-nimrod/pvol/ingham/2026/01/15/sp/20260115_polar_pl_radar09_aggregate_sp_0000.h5
ingham,20260115,0000,sp,dataset6,89.9,57600,604,0.010486111111111111,-8.100000381469727,0,0,57600,9085,21537,22344,3512,,,-32.0,-32.0,https://ncas-radar-o.s3-ext.jc.rl.ac.uk/uk-wsr-visualizer-public/ukmo-nimrod/pvol/ingham/2026/01/15/sp/20260115_polar_pl_radar09_aggregate_sp_0000.h5
ingham,20260415,1200,lp,dataset1,0.5,153000,18560,0.12130718954248366,-9.69999885559082,0,0,153000,17202,119861,43552,39778,3.56,3.57,24.65999984741211,24.625,https://ncas-radar-o.s3-ext.jc.rl.ac.uk/uk-wsr-visualizer-public/ukmo-nimrod/pvol/ingham/2026/04/15/lp/20260415_polar_pl_radar09_aggregate_lp_1200.h5
ingham,20260415,1200,lp,dataset2,1.0,153000,17652,0.11537254901960785,-9.899999618530273,0,0,153000,10371,123738,37798,39128,3.34,3.31,24.540000915527344,24.489999771118164,https://ncas-radar-o.s3-ext.jc.rl.ac.uk/uk-wsr-visualizer-public/ukmo-nimrod/pvol/ingham/2026/04/15/lp/20260415_polar_pl_radar09_aggregate_lp_1200.h5
ingham,20260415,1200,lp,dataset3,2.0,153000,5080,0.03320261437908497,-8.399999618530273,0,0,153000,8275,83253,32393,21065,3.26,3.22,24.440000534057617,24.3700008392334,https://ncas-radar-o.s3-ext.jc.rl.ac.uk/uk-wsr-visualizer-public/ukmo-nimrod/pvol/ingham/2026/04/15/lp/20260415_polar_pl_radar09_aggregate_lp_1200.h5
ingham,20260415,1200,lp,dataset4,3.0,153000,5138,0.03358169934640523,-9.0,0,0,153000,8936,83249,32128,20896,3.16,3.13,24.3700008392334,24.299999237060547,https://ncas-radar-o.s3-ext.jc.rl.ac.uk/uk-wsr-visualizer-public/ukmo-nimrod/pvol/ingham/2026/04/15/lp/20260415_polar_pl_radar09_aggregate_lp_1200.h5
ingham,20260415,1200,lp,dataset5,3.95,153000,5266,0.034418300653594774,-8.799999237060547,0,0,153000,8345,83972,31120,21201,3.13,3.17,24.329999923706055,24.260000228881836,https://ncas-radar-o.s3-ext.jc.rl.ac.uk/uk-wsr-visualizer-public/ukmo-nimrod/pvol/ingham/2026/04/15/lp/20260415_polar_pl_radar09_aggregate_lp_1200.h5
ingham,20260415,1200,sp,dataset1,1.0,68040,12921,0.18990299823633158,11.900001525878906,3597,0,68040,2844,52474,15048,39240,,,-32.0,-32.0,https://ncas-radar-o.s3-ext.jc.rl.ac.uk/uk-wsr-visualizer-public/ukmo-nimrod/pvol/ingham/2026/04/15/sp/20260415_polar_pl_radar09_aggregate_sp_1200.h5
ingham,20260415,1200,sp,dataset2,2.0,68040,15047,0.2211493239271017,11.799999237060547,3622,0,68040,1774,56885,9996,42721,,,-32.0,-32.0,https://ncas-radar-o.s3-ext.jc.rl.ac.uk/uk-wsr-visualizer-public/ukmo-nimrod/pvol/ingham/2026/04/15/sp/20260415_polar_pl_radar09_aggregate_sp_1200.h5
ingham,20260415,1200,sp,dataset3,4.0,68040,15514,0.22801293356848912,11.700000762939453,3372,0,68040,2020,57633,8977,43831,,,-32.0,-32.0,https://ncas-radar-o.s3-ext.jc.rl.ac.uk/uk-wsr-visualizer-public/ukmo-nimrod/pvol/ingham/2026/04/15/sp/20260415_polar_pl_radar09_aggregate_sp_1200.h5
ingham,20260415,1200,sp,dataset4,6.0,68040,16134,0.2371252204585538,11.700000762939453,3432,0,68040,1450,58347,8008,44675,,,-32.0,-32.0,https://ncas-radar-o.s3-ext.jc.rl.ac.uk/uk-wsr-visualizer-public/ukmo-nimrod/pvol/ingham/2026/04/15/sp/20260415_polar_pl_radar09_aggregate_sp_1200.h5
ingham,20260415,1200,sp,dataset5,9.0,68040,16340,0.24015285126396238,11.700000762939453,3333,0,68040,1313,57952,8332,45133,,,-32.0,-32.0,https://ncas-radar-o.s3-ext.jc.rl.ac.uk/uk-wsr-visualizer-public/ukmo-nimrod/pvol/ingham/2026/04/15/sp/20260415_polar_pl_radar09_aggregate_sp_1200.h5
ingham,20260415,1200,sp,dataset6,89.9,57600,612,0.010625,-8.19999885559082,0,0,57600,12678,18272,25115,3911,,,-32.0,-32.0,https://ncas-radar-o.s3-ext.jc.rl.ac.uk/uk-wsr-visualizer-public/ukmo-nimrod/pvol/ingham/2026/04/15/sp/20260415_polar_pl_radar09_aggregate_sp_1200.h5
ingham,20260711,2100,lp,dataset1,0.5,153000,17982,0.11752941176470588,-9.899999618530273,0,0,153000,17479,117559,44828,40369,3.68,3.63,24.860000610351562,24.90999984741211,https://ncas-radar-o.s3-ext.jc.rl.ac.uk/uk-wsr-visualizer-public/ukmo-nimrod/pvol/ingham/2026/07/11/lp/20260711_polar_pl_radar09_aggregate_lp_2100.h5
ingham,20260711,2100,lp,dataset2,1.0,153000,17924,0.11715032679738561,-9.5,0,0,153000,8367,124297,36317,39811,3.56,3.54,24.739999771118164,24.760000228881836,https://ncas-radar-o.s3-ext.jc.rl.ac.uk/uk-wsr-visualizer-public/ukmo-nimrod/pvol/ingham/2026/07/11/lp/20260711_polar_pl_radar09_aggregate_lp_2100.h5
ingham,20260711,2100,lp,dataset3,2.0,153000,5023,0.03283006535947713,-9.0,0,0,153000,6879,83966,30785,20433,3.38,3.44,24.639999389648438,24.65999984741211,https://ncas-radar-o.s3-ext.jc.rl.ac.uk/uk-wsr-visualizer-public/ukmo-nimrod/pvol/ingham/2026/07/11/lp/20260711_polar_pl_radar09_aggregate_lp_2100.h5
ingham,20260711,2100,lp,dataset4,3.0,153000,5271,0.03445098039215686,-8.600000381469727,0,0,153000,8111,83887,31084,21005,3.32,3.37,24.56999969482422,24.59000015258789,https://ncas-radar-o.s3-ext.jc.rl.ac.uk/uk-wsr-visualizer-public/ukmo-nimrod/pvol/ingham/2026/07/11/lp/20260711_polar_pl_radar09_aggregate_lp_2100.h5
ingham,20260711,2100,lp,dataset5,3.95,153000,5423,0.035444444444444445,-9.0,0,0,153000,7779,84336,30637,21217,3.28,3.38,24.530000686645508,24.540000915527344,https://ncas-radar-o.s3-ext.jc.rl.ac.uk/uk-wsr-visualizer-public/ukmo-nimrod/pvol/ingham/2026/07/11/lp/20260711_polar_pl_radar09_aggregate_lp_2100.h5
ingham,20260711,2100,sp,dataset1,1.0,68040,14047,0.20645208700764256,12.10000228881836,4188,0,68040,1811,53303,11815,38878,,,-32.0,-32.0,https://ncas-radar-o.s3-ext.jc.rl.ac.uk/uk-wsr-visualizer-public/ukmo-nimrod/pvol/ingham/2026/07/11/sp/20260711_polar_pl_radar09_aggregate_sp_2100.h5
ingham,20260711,2100,sp,dataset2,2.0,68040,15489,0.22764550264550265,12.0,4191,0,68040,1196,57484,7696,42277,,,-32.0,-32.0,https://ncas-radar-o.s3-ext.jc.rl.ac.uk/uk-wsr-visualizer-public/ukmo-nimrod/pvol/ingham/2026/07/11/sp/20260711_polar_pl_radar09_aggregate_sp_2100.h5
ingham,20260711,2100,sp,dataset3,4.0,68040,16476,0.24215167548500882,11.900001525878906,3871,0,68040,1641,57907,7437,44434,,,-32.0,-32.0,https://ncas-radar-o.s3-ext.jc.rl.ac.uk/uk-wsr-visualizer-public/ukmo-nimrod/pvol/ingham/2026/07/11/sp/20260711_polar_pl_radar09_aggregate_sp_2100.h5
ingham,20260711,2100,sp,dataset4,6.0,68040,16860,0.24779541446208111,11.900001525878906,3987,0,68040,1280,58462,7674,44659,,,-32.0,-32.0,https://ncas-radar-o.s3-ext.jc.rl.ac.uk/uk-wsr-visualizer-public/ukmo-nimrod/pvol/ingham/2026/07/11/sp/20260711_polar_pl_radar09_aggregate_sp_2100.h5
ingham,20260711,2100,sp,dataset5,9.0,68040,17377,0.2553938859494415,11.799999237060547,3881,0,68040,1213,58101,8561,45468,,,-32.0,-32.0,https://ncas-radar-o.s3-ext.jc.rl.ac.uk/uk-wsr-visualizer-public/ukmo-nimrod/pvol/ingham/2026/07/11/sp/20260711_polar_pl_radar09_aggregate_sp_2100.h5
ingham,20260711,2100,sp,dataset6,89.9,57600,614,0.010659722222222221,-8.19999885559082,0,0,57600,11366,21483,24244,3608,,,-32.0,-32.0,https://ncas-radar-o.s3-ext.jc.rl.ac.uk/uk-wsr-visualizer-public/ukmo-nimrod/pvol/ingham/2026/07/11/sp/20260711_polar_pl_radar09_aggregate_sp_2100.h5
jersey,20260115,0000,lp,dataset1,0.5,153000,16280,0.10640522875816993,-8.799999237060547,0,0,153000,8981,129775,33705,35581,4.2,4.26,24.280000686645508,24.479999542236328,https://ncas-radar-o.s3-ext.jc.rl.ac.uk/uk-wsr-visualizer-public/ukmo-nimrod/pvol/jersey/2026/01/15/lp/20260115_polar_pl_radar12_aggregate_lp_0000.h5
jersey,20260115,0000,lp,dataset2,0.95,153000,15714,0.10270588235294117,-8.600000381469727,0,0,153000,5330,130746,30639,36392,4.17,4.21,24.190000534057617,24.3799991607666,https://ncas-radar-o.s3-ext.jc.rl.ac.uk/uk-wsr-visualizer-public/ukmo-nimrod/pvol/jersey/2026/01/15/lp/20260115_polar_pl_radar12_aggregate_lp_0000.h5
jersey,20260115,0000,lp,dataset3,2.0,153000,4743,0.031,-8.0,0,0,153000,3308,89256,25963,20146,3.91,4.06,24.079999923706055,24.270000457763672,https://ncas-radar-o.s3-ext.jc.rl.ac.uk/uk-wsr-visualizer-public/ukmo-nimrod/pvol/jersey/2026/01/15/lp/20260115_polar_pl_radar12_aggregate_lp_0000.h5
jersey,20260115,0000,lp,dataset4,2.95,153000,4860,0.03176470588235294,-8.399999618530273,0,0,153000,3034,90492,24898,20353,3.93,3.94,24.040000915527344,24.18000030517578,https://ncas-radar-o.s3-ext.jc.rl.ac.uk/uk-wsr-visualizer-public/ukmo-nimrod/pvol/jersey/2026/01/15/lp/20260115_polar_pl_radar12_aggregate_lp_0000.h5
jersey,20260115,0000,lp,dataset5,3.95,153000,5040,0.03294117647058824,-7.600000381469727,0,0,153000,2591,90340,24689,20697,3.96,3.86,24.010000228881836,24.15999984741211,https://ncas-radar-o.s3-ext.jc.rl.ac.uk/uk-wsr-visualizer-public/ukmo-nimrod/pvol/jersey/2026/01/15/lp/20260115_polar_pl_radar12_aggregate_lp_0000.h5
jersey,20260115,0000,sp,dataset1,0.95,68040,12229,0.17973251028806583,13.10000228881836,4780,0,68040,1814,58970,7429,37048,,,-32.0,-32.0,https://ncas-radar-o.s3-ext.jc.rl.ac.uk/uk-wsr-visualizer-public/ukmo-nimrod/pvol/jersey/2026/01/15/sp/20260115_polar_pl_radar12_aggregate_sp_0000.h5
jersey,20260115,0000,sp,dataset2,2.0,68040,13515,0.1986331569664903,13.0,4823,0,68040,878,62213,4861,40162,,,-32.0,-32.0,https://ncas-radar-o.s3-ext.jc.rl.ac.uk/uk-wsr-visualizer-public/ukmo-nimrod/pvol/jersey/2026/01/15/sp/20260115_polar_pl_radar12_aggregate_sp_0000.h5
jersey,20260115,0000,sp,dataset3,4.0,68040,13602,0.19991181657848325,12.900001525878906,4657,0,68040,771,62808,4134,42571,,,-32.0,-32.0,https://ncas-radar-o.s3-ext.jc.rl.ac.uk/uk-wsr-visualizer-public/ukmo-nimrod/pvol/jersey/2026/01/15/sp/20260115_polar_pl_radar12_aggregate_sp_0000.h5
jersey,20260115,0000,sp,dataset4,6.0,68040,13217,0.19425338036449147,12.900001525878906,4482,0,68040,772,62932,3828,42337,,,-32.0,-32.0,https://ncas-radar-o.s3-ext.jc.rl.ac.uk/uk-wsr-visualizer-public/ukmo-nimrod/pvol/jersey/2026/01/15/sp/20260115_polar_pl_radar12_aggregate_sp_0000.h5
jersey,20260115,0000,sp,dataset5,9.0,68040,14331,0.21062610229276896,12.900001525878906,4837,0,68040,729,63385,3424,44947,,,-32.0,-32.0,https://ncas-radar-o.s3-ext.jc.rl.ac.uk/uk-wsr-visualizer-public/ukmo-nimrod/pvol/jersey/2026/01/15/sp/20260115_polar_pl_radar12_aggregate_sp_0000.h5
jersey,20260115,0000,sp,dataset6,89.9,57600,624,0.010833333333333334,-7.100000381469727,0,0,57600,11523,23697,22513,4080,,,-32.0,-32.0,https://ncas-radar-o.s3-ext.jc.rl.ac.uk/uk-wsr-visualizer-public/ukmo-nimrod/pvol/jersey/2026/01/15/sp/20260115_polar_pl_radar12_aggregate_sp_0000.h5
jersey,20260415,1200,lp,dataset1,0.5,153000,16161,0.10562745098039215,-8.5,0,0,153000,9112,127873,35522,33566,4.52,4.45,24.600000381469727,24.81999969482422,https://ncas-radar-o.s3-ext.jc.rl.ac.uk/uk-wsr-visualizer-public/ukmo-nimrod/pvol/jersey/2026/04/15/lp/20260415_polar_pl_radar12_aggregate_lp_1200.h5
jersey,20260415,1200,lp,dataset2,0.95,153000,15103,0.0987124183006536,-9.299999237060547,0,0,153000,7110,128443,31697,32762,4.4,4.23,24.489999771118164,24.68000030517578,https://ncas-radar-o.s3-ext.jc.rl.ac.uk/uk-wsr-visualizer-public/ukmo-nimrod/pvol/jersey/2026/04/15/lp/20260415_polar_pl_radar12_aggregate_lp_1200.h5
jersey,20260415,1200,lp,dataset3,2.0,153000,4509,0.029470588235294116,-7.5,0,0,153000,3729,88847,27547,18311,4.31,4.17,24.389999389648438,24.559999465942383,https://ncas-radar-o.s3-ext.jc.rl.ac.uk/uk-wsr-visualizer-public/ukmo-nimrod/pvol/jersey/2026/04/15/lp/20260415_polar_pl_radar12_aggregate_lp_1200.h5
jersey,20260415,1200,lp,dataset4,3.0,153000,4904,0.03205228758169935,-7.899999618530273,0,0,153000,3320,90345,25315,19516,4.28,4.06,24.329999923706055,24.469999313354492,https://ncas-radar-o.s3-ext.jc.rl.ac.uk/uk-wsr-visualizer-public/ukmo-nimrod/pvol/jersey/2026/04/15/lp/20260415_polar_pl_radar12_aggregate_lp_1200.h5
jersey,20260415,1200,lp,dataset5,3.95,153000,5035,0.03290849673202614,-7.399999618530273,0,0,153000,2838,89659,25437,20268,4.2,3.95,24.280000686645508,24.43000030517578,https://ncas-radar-o.s3-ext.jc.rl.ac.uk/uk-wsr-visualizer-public/ukmo-nimrod/pvol/jersey/2026/04/15/lp/20260415_polar_pl_radar12_aggregate_lp_1200.h5
jersey,20260415,1200,sp,dataset1,0.95,68040,11441,0.16815108759553204,13.5,5114,0,68040,3283,54145,10682,26840,,,-32.0,-32.0,https://ncas-radar-o.s3-ext.jc.rl.ac.uk/uk-wsr-visualizer-public/ukmo-nimrod/pvol/jersey/2026/04/15/sp/20260415_polar_pl_radar12_aggregate_sp_1200.h5
jersey,20260415,1200,sp,dataset2,2.0,68040,13966,0.20526161081716637,13.299999237060547,5486,0,68040,1096,60571,6016,34627,,,-32.0,-32.0,https://ncas-radar-o.s3-ext.jc.rl.ac.uk/uk-wsr-visualizer-public/ukmo-nimrod/pvol/jersey/2026/04/15/sp/20260415_polar_pl_radar12_aggregate_sp_1200.h5
jersey,20260415,1200,sp,dataset3,4.0,68040,15088,0.22175191064079952,13.200000762939453,5793,0,68040,891,62578,4551,39684,,,-32.0,-32.0,https://ncas-radar-o.s3-ext.jc.rl.ac.uk/uk-wsr-visualizer-public/ukmo-nimrod/pvol/jersey/2026/04/15/sp/20260415_polar_pl_radar12_aggregate_sp_1200.h5
jersey,20260415,1200,sp,dataset4,6.0,68040,15731,0.23120223398001175,13.200000762939453,5794,0,68040,858,62980,4184,43686,,,-32.0,-32.0,https://ncas-radar-o.s3-ext.jc.rl.ac.uk/uk-wsr-visualizer-public/ukmo-nimrod/pvol/jersey/2026/04/15/sp/20260415_polar_pl_radar12_aggregate_sp_1200.h5
jersey,20260415,1200,sp,dataset5,9.0,68040,17243,0.25342445620223397,13.200000762939453,5977,0,68040,887,63252,4121,47410,,,-32.0,-32.0,https://ncas-radar-o.s3-ext.jc.rl.ac.uk/uk-wsr-visualizer-public/ukmo-nimrod/pvol/jersey/2026/04/15/sp/20260415_polar_pl_radar12_aggregate_sp_1200.h5
jersey,20260415,1200,sp,dataset6,89.9,57600,834,0.014479166666666666,-7.0,0,0,57600,11507,25808,20113,5488,,,-32.0,-32.0,https://ncas-radar-o.s3-ext.jc.rl.ac.uk/uk-wsr-visualizer-public/ukmo-nimrod/pvol/jersey/2026/04/15/sp/20260415_polar_pl_radar12_aggregate_sp_1200.h5
jersey,20260711,2100,lp,dataset1,0.5,153000,12282,0.08027450980392156,-7.399999618530273,0,0,153000,19099,113801,46798,29088,4.88,4.34,25.010000228881836,25.020000457763672,https://ncas-radar-o.s3-ext.jc.rl.ac.uk/uk-wsr-visualizer-public/ukmo-nimrod/pvol/jersey/2026/07/11/lp/20260711_polar_pl_radar12_aggregate_lp_2100.h5
jersey,20260711,2100,lp,dataset2,0.95,153000,13914,0.09094117647058823,-8.299999237060547,0,0,153000,15525,115615,44354,32369,4.82,4.36,24.8799991607666,24.809999465942383,https://ncas-radar-o.s3-ext.jc.rl.ac.uk/uk-wsr-visualizer-public/ukmo-nimrod/pvol/jersey/2026/07/11/lp/20260711_polar_pl_radar12_aggregate_lp_2100.h5
jersey,20260711,2100,lp,dataset3,2.0,153000,4746,0.031019607843137256,-7.19999885559082,0,0,153000,4341,84319,31591,19990,4.76,4.14,24.760000228881836,24.65999984741211,https://ncas-radar-o.s3-ext.jc.rl.ac.uk/uk-wsr-visualizer-public/ukmo-nimrod/pvol/jersey/2026/07/11/lp/20260711_polar_pl_radar12_aggregate_lp_2100.h5
jersey,20260711,2100,lp,dataset4,3.0,153000,5362,0.035045751633986925,-7.0,0,0,153000,3282,86855,28134,21503,4.68,4.16,24.690000534057617,24.600000381469727,https://ncas-radar-o.s3-ext.jc.rl.ac.uk/uk-wsr-visualizer-public/ukmo-nimrod/pvol/jersey/2026/07/11/lp/20260711_polar_pl_radar12_aggregate_lp_2100.h5
jersey,20260711,2100,lp,dataset5,3.95,153000,5563,0.036359477124183005,-7.19999885559082,0,0,153000,2763,86991,27375,21900,4.6,3.93,24.670000076293945,24.549999237060547,https://ncas-radar-o.s3-ext.jc.rl.ac.uk/uk-wsr-visualizer-public/ukmo-nimrod/pvol/jersey/2026/07/11/lp/20260711_polar_pl_radar12_aggregate_lp_2100.h5
jersey,20260711,2100,sp,dataset1,0.95,68040,11006,0.16175778953556733,13.900001525878906,5445,0,68040,6198,51337,14899,29211,,,-32.0,-32.0,https://ncas-radar-o.s3-ext.jc.rl.ac.uk/uk-wsr-visualizer-public/ukmo-nimrod/pvol/jersey/2026/07/11/sp/20260711_polar_pl_radar12_aggregate_sp_2100.h5
jersey,20260711,2100,sp,dataset2,2.0,68040,15661,0.2301734273956496,13.700000762939453,6394,0,68040,747,60842,6271,41809,,,-32.0,-32.0,https://ncas-radar-o.s3-ext.jc.rl.ac.uk/uk-wsr-visualizer-public/ukmo-nimrod/pvol/jersey/2026/07/11/sp/20260711_polar_pl_radar12_aggregate_sp_2100.h5
jersey,20260711,2100,sp,dataset3,4.0,68040,17731,0.26059670781893,13.60000228881836,6593,0,68040,628,63326,3852,47230,,,-32.0,-32.0,https://ncas-radar-o.s3-ext.jc.rl.ac.uk/uk-wsr-visualizer-public/ukmo-nimrod/pvol/jersey/2026/07/11/sp/20260711_polar_pl_radar12_aggregate_sp_2100.h5
jersey,20260711,2100,sp,dataset4,6.0,68040,18360,0.2698412698412698,13.5,6848,0,68040,686,63397,3633,47875,,,-32.0,-32.0,https://ncas-radar-o.s3-ext.jc.rl.ac.uk/uk-wsr-visualizer-public/ukmo-nimrod/pvol/jersey/2026/07/11/sp/20260711_polar_pl_radar12_aggregate_sp_2100.h5
jersey,20260711,2100,sp,dataset5,9.0,68040,18580,0.27307466196355085,13.5,6931,0,68040,750,63613,3795,48811,,,-32.0,-32.0,https://ncas-radar-o.s3-ext.jc.rl.ac.uk/uk-wsr-visualizer-public/ukmo-nimrod/pvol/jersey/2026/07/11/sp/20260711_polar_pl_radar12_aggregate_sp_2100.h5
jersey,20260711,2100,sp,dataset6,89.9,57600,879,0.015260416666666667,-6.5,0,0,57600,10855,27034,20158,5631,,,-32.0,-32.0,https://ncas-radar-o.s3-ext.jc.rl.ac.uk/uk-wsr-visualizer-public/ukmo-nimrod/pvol/jersey/2026/07/11/sp/20260711_polar_pl_radar12_aggregate_sp_2100.h5
munduff-hill,20260115,0000,lp,dataset1,0.5,153000,27412,0.17916339869281045,-10.0,0,0,153000,360,147129,19918,53421,3.66,4.1,24.8700008392334,23.709999084472656,https://ncas-radar-o.s3-ext.jc.rl.ac.uk/uk-wsr-visualizer-public/ukmo-nimrod/pvol/munduff-hill/2026/01/15/lp/20260115_polar_pl_radar19_aggregate_lp_0000.h5
munduff-hill,20260115,0000,lp,dataset2,1.0,153000,24109,0.15757516339869282,-10.19999885559082,0,0,153000,360,143793,20412,48607,3.43,3.97,24.744999885559082,23.600000381469727,https://ncas-radar-o.s3-ext.jc.rl.ac.uk/uk-wsr-visualizer-public/ukmo-nimrod/pvol/munduff-hill/2026/01/15/lp/20260115_polar_pl_radar19_aggregate_lp_0000.h5
munduff-hill,20260115,0000,lp,dataset3,2.0,153000,6193,0.04047712418300654,-8.69999885559082,0,0,153000,361,92578,20315,23523,3.4,3.95,24.6299991607666,23.5,https://ncas-radar-o.s3-ext.jc.rl.ac.uk/uk-wsr-visualizer-public/ukmo-nimrod/pvol/munduff-hill/2026/01/15/lp/20260115_polar_pl_radar19_aggregate_lp_0000.h5
munduff-hill,20260115,0000,lp,dataset4,3.0,153000,6295,0.0411437908496732,-7.69999885559082,0,0,153000,362,93883,19128,23377,3.34,3.86,24.6200008392334,23.489999771118164,https://ncas-radar-o.s3-ext.jc.rl.ac.uk/uk-wsr-visualizer-public/ukmo-nimrod/pvol/munduff-hill/2026/01/15/lp/20260115_polar_pl_radar19_aggregate_lp_0000.h5
munduff-hill,20260115,0000,lp,dataset5,4.0,153000,6245,0.040816993464052286,-7.5,0,0,153000,364,94589,17544,23317,3.32,3.88,24.540000915527344,23.479999542236328,https://ncas-radar-o.s3-ext.jc.rl.ac.uk/uk-wsr-visualizer-public/ukmo-nimrod/pvol/munduff-hill/2026/01/15/lp/20260115_polar_pl_radar19_aggregate_lp_0000.h5
munduff-hill,20260115,0000,sp,dataset1,1.0,68040,19445,0.285787771898883,12.10000228881836,4184,0,68040,756,66789,788,53808,,,-32.0,-32.0,https://ncas-radar-o.s3-ext.jc.rl.ac.uk/uk-wsr-visualizer-public/ukmo-nimrod/pvol/munduff-hill/2026/01/15/sp/20260115_polar_pl_radar19_aggregate_sp_0000.h5
munduff-hill,20260115,0000,sp,dataset2,2.0,68040,19643,0.2886978248089359,12.0,3833,0,68040,756,66780,741,53967,,,-32.0,-32.0,https://ncas-radar-o.s3-ext.jc.rl.ac.uk/uk-wsr-visualizer-public/ukmo-nimrod/pvol/munduff-hill/2026/01/15/sp/20260115_polar_pl_radar19_aggregate_sp_0000.h5
munduff-hill,20260115,0000,sp,dataset3,4.0,68040,18987,0.2790564373897707,11.900001525878906,3483,0,68040,1512,66098,862,53857,,,-32.0,-32.0,https://ncas-radar-o.s3-ext.jc.rl.ac.uk/uk-wsr-visualizer-public/ukmo-nimrod/pvol/munduff-hill/2026/01/15/sp/20260115_polar_pl_radar19_aggregate_sp_0000.h5
munduff-hill,20260115,0000,sp,dataset4,6.0,68040,18821,0.27661669606114053,11.900001525878906,3309,0,68040,1134,66458,846,53938,,,-32.0,-32.0,https://ncas-radar-o.s3-ext.jc.rl.ac.uk/uk-wsr-visualizer-public/ukmo-nimrod/pvol/munduff-hill/2026/01/15/sp/20260115_polar_pl_radar19_aggregate_sp_0000.h5
munduff-hill,20260115,0000,sp,dataset5,9.0,68040,19759,0.2904027042915932,11.799999237060547,3637,0,68040,1512,66119,839,54839,,,-32.0,-32.0,https://ncas-radar-o.s3-ext.jc.rl.ac.uk/uk-wsr-visualizer-public/ukmo-nimrod/pvol/munduff-hill/2026/01/15/sp/20260115_polar_pl_radar19_aggregate_sp_0000.h5
munduff-hill,20260115,0000,sp,dataset6,89.9,57600,1509,0.026197916666666668,-8.299999237060547,0,0,57600,1860,50488,1624,11094,,,-32.0,-32.0,https://ncas-radar-o.s3-ext.jc.rl.ac.uk/uk-wsr-visualizer-public/ukmo-nimrod/pvol/munduff-hill/2026/01/15/sp/20260115_polar_pl_radar19_aggregate_sp_0000.h5
munduff-hill,20260415,1450,lp,dataset1,0.5,153000,14697,0.09605882352941177,-9.600000381469727,0,0,153000,18623,112551,47373,31564,3.89,4.04,24.989999771118164,24.34000015258789,https://ncas-radar-o.s3-ext.jc.rl.ac.uk/uk-wsr-visualizer-public/ukmo-nimrod/pvol/munduff-hill/2026/04/15/lp/20260415_polar_pl_radar19_aggregate_lp_1450.h5
munduff-hill,20260415,1450,lp,dataset2,1.0,153000,14737,0.09632026143790849,-10.100000381469727,0,0,153000,13222,114630,43437,32072,3.81,4.02,24.860000610351562,24.209999084472656,https://ncas-radar-o.s3-ext.jc.rl.ac.uk/uk-wsr-visualizer-public/ukmo-nimrod/pvol/munduff-hill/2026/04/15/lp/20260415_polar_pl_radar19_aggregate_lp_1450.h5
munduff-hill,20260415,1450,lp,dataset3,2.0,153000,4314,0.028196078431372548,-8.600000381469727,0,0,153000,9798,79951,36617,17554,3.66,3.98,24.75,24.100000381469727,https://ncas-radar-o.s3-ext.jc.rl.ac.uk/uk-wsr-visualizer-public/ukmo-nimrod/pvol/munduff-hill/2026/04/15/lp/20260415_polar_pl_radar19_aggregate_lp_1450.h5
munduff-hill,20260415,1450,lp,dataset4,3.0,153000,4437,0.029,-9.19999885559082,0,0,153000,10055,79996,36504,17972,3.5,3.79,24.690000534057617,24.049999237060547,https://ncas-radar-o.s3-ext.jc.rl.ac.uk/uk-wsr-visualizer-public/ukmo-nimrod/pvol/munduff-hill/2026/04/15/lp/20260415_polar_pl_radar19_aggregate_lp_1450.h5
munduff-hill,20260415,1450,lp,dataset5,3.95,153000,6250,0.04084967320261438,-8.69999885559082,0,0,153000,361,93410,19284,23862,3.4,3.92,24.850000381469727,23.719999313354492,https://ncas-radar-o.s3-ext.jc.rl.ac.uk/uk-wsr-visualizer-public/ukmo-nimrod/pvol/munduff-hill/2026/04/15/lp/20260415_polar_pl_radar19_aggregate_lp_1450.h5
munduff-hill,20260415,1450,sp,dataset1,1.0,68040,10784,0.15849500293944738,12.299999237060547,3991,0,68040,3006,47878,15957,26327,,,-32.0,-32.0,https://ncas-radar-o.s3-ext.jc.rl.ac.uk/uk-wsr-visualizer-public/ukmo-nimrod/pvol/munduff-hill/2026/04/15/sp/20260415_polar_pl_radar19_aggregate_sp_1450.h5
munduff-hill,20260415,1450,sp,dataset2,2.0,68040,12382,0.18198118753674308,12.200000762939453,3890,0,68040,2495,54130,10742,31075,,,-32.0,-32.0,https://ncas-radar-o.s3-ext.jc.rl.ac.uk/uk-wsr-visualizer-public/ukmo-nimrod/pvol/munduff-hill/2026/04/15/sp/20260415_polar_pl_radar19_aggregate_sp_1450.h5
munduff-hill,20260415,1450,sp,dataset3,4.0,68040,13257,0.19484126984126984,12.0,4200,0,68040,2983,53089,10935,33359,,,-32.0,-32.0,https://ncas-radar-o.s3-ext.jc.rl.ac.uk/uk-wsr-visualizer-public/ukmo-nimrod/pvol/munduff-hill/2026/04/15/sp/20260415_polar_pl_radar19_aggregate_sp_1450.h5
munduff-hill,20260415,1450,sp,dataset4,6.0,68040,13316,0.19570840681951793,12.0,4051,0,68040,2660,53136,9734,35404,,,-32.0,-32.0,https://ncas-radar-o.s3-ext.jc.rl.ac.uk/uk-wsr-visualizer-public/ukmo-nimrod/pvol/munduff-hill/2026/04/15/sp/20260415_polar_pl_radar19_aggregate_sp_1450.h5
munduff-hill,20260415,1450,sp,dataset5,9.0,68040,14535,0.21362433862433863,12.0,4077,0,68040,1667,56007,8136,38752,,,-32.0,-32.0,https://ncas-radar-o.s3-ext.jc.rl.ac.uk/uk-wsr-visualizer-public/ukmo-nimrod/pvol/munduff-hill/2026/04/15/sp/20260415_polar_pl_radar19_aggregate_sp_1450.h5
munduff-hill,20260415,1450,sp,dataset6,89.9,57600,355,0.006163194444444444,-7.5,0,0,57600,15932,13271,32552,1284,,,-32.0,-32.0,https://ncas-radar-o.s3-ext.jc.rl.ac.uk/uk-wsr-visualizer-public/ukmo-nimrod/pvol/munduff-hill/2026/04/15/sp/20260415_polar_pl_radar19_aggregate_sp_1450.h5
munduff-hill,20260711,2100,lp,dataset1,0.5,153000,19063,0.12459477124183006,-9.399999618530273,0,0,153000,16780,114170,45188,39268,3.95,4.32,25.219999313354492,24.600000381469727,https://ncas-radar-o.s3-ext.jc.rl.ac.uk/uk-wsr-visualizer-public/ukmo-nimrod/pvol/munduff-hill/2026/07/11/lp/20260711_polar_pl_radar19_aggregate_lp_2100.h5
munduff-hill,20260711,2100,lp,dataset2,1.0,153000,17856,0.11670588235294117,-9.799999237060547,0,0,153000,12280,115361,42596,37743,3.98,4.25,25.09000015258789,24.479999542236328,https://ncas-radar-o.s3-ext.jc.rl.ac.uk/uk-wsr-visualizer-public/ukmo-nimrod/pvol/munduff-hill/2026/07/11/lp/20260711_polar_pl_radar19_aggregate_lp_2100.h5
munduff-hill,20260711,2100,lp,dataset3,2.0,153000,4955,0.03238562091503268,-8.600000381469727,0,0,153000,9922,78276,38740,19776,3.83,4.22,24.979999542236328,24.3700008392334,https://ncas-radar-o.s3-ext.jc.rl.ac.uk/uk-wsr-visualizer-public/ukmo-nimrod/pvol/munduff-hill/2026/07/11/lp/20260711_polar_pl_radar19_aggregate_lp_2100.h5
munduff-hill,20260711,2100,lp,dataset4,3.0,153000,4929,0.032215686274509804,-8.899999618530273,0,0,153000,10777,78439,39541,19898,3.81,4.14,24.90999984741211,24.309999465942383,https://ncas-radar-o.s3-ext.jc.rl.ac.uk/uk-wsr-visualizer-public/ukmo-nimrod/pvol/munduff-hill/2026/07/11/lp/20260711_polar_pl_radar19_aggregate_lp_2100.h5
munduff-hill,20260711,2100,lp,dataset5,4.0,153000,5058,0.033058823529411765,-8.69999885559082,0,0,153000,12651,78012,39720,19939,3.69,4.0,24.8799991607666,24.280000686645508,https://ncas-radar-o.s3-ext.jc.rl.ac.uk/uk-wsr-visualizer-public/ukmo-nimrod/pvol/munduff-hill/2026/07/11/lp/20260711_polar_pl_radar19_aggregate_lp_2100.h5
munduff-hill,20260711,2100,sp,dataset1,1.0,68040,12691,0.18652263374485598,12.5,4991,0,68040,2164,49521,12727,32702,,,-32.0,-32.0,https://ncas-radar-o.s3-ext.jc.rl.ac.uk/uk-wsr-visualizer-public/ukmo-nimrod/pvol/munduff-hill/2026/07/11/sp/20260711_polar_pl_radar19_aggregate_sp_2100.h5
munduff-hill,20260711,2100,sp,dataset2,2.0,68040,14947,0.2196796002351558,12.400001525878906,4929,0,68040,1766,54833,8663,39348,,,-32.0,-32.0,https://ncas-radar-o.s3-ext.jc.rl.ac.uk/uk-wsr-visualizer-public/ukmo-nimrod/pvol/munduff-hill/2026/07/11/sp/20260711_polar_pl_radar19_aggregate_sp_2100.h5
munduff-hill,20260711,2100,sp,dataset3,4.0,68040,15583,0.22902704291593182,12.299999237060547,4770,0,68040,2756,53604,11354,40049,,,-32.0,-32.0,https://ncas-radar-o.s3-ext.jc.rl.ac.uk/uk-wsr-visualizer-public/ukmo-nimrod/pvol/munduff-hill/2026/07/11/sp/20260711_polar_pl_radar19_aggregate_sp_2100.h5
munduff-hill,20260711,2100,sp,dataset4,6.0,68040,15923,0.2340241034685479,12.299999237060547,4693,0,68040,2829,53536,11890,40324,,,-32.0,-32.0,https://ncas-radar-o.s3-ext.jc.rl.ac.uk/uk-wsr-visualizer-public/ukmo-nimrod/pvol/munduff-hill/2026/07/11/sp/20260711_polar_pl_radar19_aggregate_sp_2100.h5
munduff-hill,20260711,2100,sp,dataset5,9.0,68040,16782,0.24664902998236332,12.200000762939453,4655,0,68040,1769,56200,9981,42995,,,-32.0,-32.0,https://ncas-radar-o.s3-ext.jc.rl.ac.uk/uk-wsr-visualizer-public/ukmo-nimrod/pvol/munduff-hill/2026/07/11/sp/20260711_polar_pl_radar19_aggregate_sp_2100.h5
munduff-hill,20260711,2100,sp,dataset6,89.9,57600,398,0.0069097222222222225,-7.299999237060547,0,0,57600,18203,10950,34080,1723,,,-32.0,-32.0,https://ncas-radar-o.s3-ext.jc.rl.ac.uk/uk-wsr-visualizer-public/ukmo-nimrod/pvol/munduff-hill/2026/07/11/sp/20260711_polar_pl_radar19_aggregate_sp_2100.h5
predannack,20260115,0000,lp,dataset1,0.5,153000,19685,0.12866013071895424,-8.399999618530273,0,0,153000,6604,136399,27017,39401,3.44,3.89,24.309999465942383,25.34000015258789,https://ncas-radar-o.s3-ext.jc.rl.ac.uk/uk-wsr-visualizer-public/ukmo-nimrod/pvol/predannack/2026/01/15/lp/20260115_polar_pl_radar08_aggregate_lp_0000.h5
predannack,20260115,0000,lp,dataset2,1.0,153000,17832,0.11654901960784314,-8.600000381469727,0,0,153000,5892,134044,26800,37573,3.32,3.72,24.18000030517578,25.209999084472656,https://ncas-radar-o.s3-ext.jc.rl.ac.uk/uk-wsr-visualizer-public/ukmo-nimrod/pvol/predannack/2026/01/15/lp/20260115_polar_pl_radar08_aggregate_lp_0000.h5
predannack,20260115,0000,lp,dataset3,2.0,153000,5287,0.034555555555555555,-9.19999885559082,0,0,153000,4426,89117,26107,21324,3.24,3.61,24.079999923706055,25.09000015258789,https://ncas-radar-o.s3-ext.jc.rl.ac.uk/uk-wsr-visualizer-public/ukmo-nimrod/pvol/predannack/2026/01/15/lp/20260115_polar_pl_radar08_aggregate_lp_0000.h5
predannack,20260115,0000,lp,dataset4,3.0,153000,5466,0.03572549019607843,-9.5,0,0,153000,4298,89460,25605,21599,3.12,3.54,24.0,25.030000686645508,https://ncas-radar-o.s3-ext.jc.rl.ac.uk/uk-wsr-visualizer-public/ukmo-nimrod/pvol/predannack/2026/01/15/lp/20260115_polar_pl_radar08_aggregate_lp_0000.h5
predannack,20260115,0000,lp,dataset5,3.95,153000,5429,0.03548366013071896,-9.399999618530273,0,0,153000,3905,88934,25787,21567,3.09,3.44,23.969999313354492,24.979999542236328,https://ncas-radar-o.s3-ext.jc.rl.ac.uk/uk-wsr-visualizer-public/ukmo-nimrod/pvol/predannack/2026/01/15/lp/20260115_polar_pl_radar08_aggregate_lp_0000.h5
predannack,20260115,0000,sp,dataset1,1.0,68040,14629,0.21500587889476777,11.900001525878906,3531,0,68040,1964,60377,7831,38529,,,-32.0,-32.0,https://ncas-radar-o.s3-ext.jc.rl.ac.uk/uk-wsr-visualizer-public/ukmo-nimrod/pvol/predannack/2026/01/15/sp/20260115_polar_pl_radar08_aggregate_sp_0000.h5
predannack,20260115,0000,sp,dataset2,2.0,68040,17870,0.26263962375073485,11.700000762939453,3702,0,68040,1022,62735,5945,46224,,,-32.0,-32.0,https://ncas-radar-o.s3-ext.jc.rl.ac.uk/uk-wsr-visualizer-public/ukmo-nimrod/pvol/predannack/2026/01/15/sp/20260115_polar_pl_radar08_aggregate_sp_0000.h5
predannack,20260115,0000,sp,dataset3,4.0,68040,18185,0.2672692533803645,11.60000228881836,3435,0,68040,849,63413,5077,48046,,,-32.0,-32.0,https://ncas-radar-o.s3-ext.jc.rl.ac.uk/uk-wsr-visualizer-public/ukmo-nimrod/pvol/predannack/2026/01/15/sp/20260115_polar_pl_radar08_aggregate_sp_0000.h5
predannack,20260115,0000,sp,dataset4,6.0,68040,18164,0.26696061140505584,11.60000228881836,3365,0,68040,861,63638,4784,48462,,,-32.0,-32.0,https://ncas-radar-o.s3-ext.jc.rl.ac.uk/uk-wsr-visualizer-public/ukmo-nimrod/pvol/predannack/2026/01/15/sp/20260115_polar_pl_radar08_aggregate_sp_0000.h5
predannack,20260115,0000,sp,dataset5,9.0,68040,18928,0.2781893004115226,11.5,3537,0,68040,892,63529,4878,49092,,,-32.0,-32.0,https://ncas-radar-o.s3-ext.jc.rl.ac.uk/uk-wsr-visualizer-public/ukmo-nimrod/pvol/predannack/2026/01/15/sp/20260115_polar_pl_radar08_aggregate_sp_0000.h5
predannack,20260115,0000,sp,dataset6,89.9,57600,999,0.01734375,-8.5,0,0,57600,8113,30131,15855,5952,,,-32.0,-32.0,https://ncas-radar-o.s3-ext.jc.rl.ac.uk/uk-wsr-visualizer-public/ukmo-nimrod/pvol/predannack/2026/01/15/sp/20260115_polar_pl_radar08_aggregate_sp_0000.h5
predannack,20260415,1200,lp,dataset1,0.5,153000,19166,0.12526797385620916,-9.100000381469727,0,0,153000,5152,136345,27223,39233,3.85,4.23,24.670000076293945,25.469999313354492,https://ncas-radar-o.s3-ext.jc.rl.ac.uk/uk-wsr-visualizer-public/ukmo-nimrod/pvol/predannack/2026/04/15/lp/20260415_polar_pl_radar08_aggregate_lp_1200.h5
predannack,20260415,1200,lp,dataset2,1.0,153000,18165,0.11872549019607843,-9.69999885559082,0,0,153000,4656,134317,26715,38001,3.5,3.78,24.540000915527344,25.31999969482422,https://ncas-radar-o.s3-ext.jc.rl.ac.uk/uk-wsr-visualizer-public/ukmo-nimrod/pvol/predannack/2026/04/15/lp/20260415_polar_pl_radar08_aggregate_lp_1200.h5
predannack,20260415,1200,lp,dataset3,2.0,153000,5419,0.03541830065359477,-8.799999237060547,0,0,153000,3873,88087,26375,21407,3.24,3.61,24.3799991607666,25.190000534057617,https://ncas-radar-o.s3-ext.jc.rl.ac.uk/uk-wsr-visualizer-public/ukmo-nimrod/pvol/predannack/2026/04/15/lp/20260415_polar_pl_radar08_aggregate_lp_1200.h5
predannack,20260415,1200,lp,dataset4,3.0,153000,5541,0.0362156862745098,-9.299999237060547,0,0,153000,3921,89043,25819,21525,3.27,3.61,24.309999465942383,25.110000610351562,https://ncas-radar-o.s3-ext.jc.rl.ac.uk/uk-wsr-visualizer-public/ukmo-nimrod/pvol/predannack/2026/04/15/lp/20260415_polar_pl_radar08_aggregate_lp_1200.h5
predannack,20260415,1200,lp,dataset5,3.95,153000,5618,0.03671895424836601,-8.0,0,0,153000,3647,88635,26215,22153,3.19,3.62,24.280000686645508,25.06999969482422,https://ncas-radar-o.s3-ext.jc.rl.ac.uk/uk-wsr-visualizer-public/ukmo-nimrod/pvol/predannack/2026/04/15/lp/20260415_polar_pl_radar08_aggregate_lp_1200.h5
predannack,20260415,1200,sp,dataset1,1.0,68040,14710,0.21619635508524399,12.200000762939453,4358,0,68040,1494,61002,7073,40485,,,-32.0,-32.0,https://ncas-radar-o.s3-ext.jc.rl.ac.uk/uk-wsr-visualizer-public/ukmo-nimrod/pvol/predannack/2026/04/15/sp/20260415_polar_pl_radar08_aggregate_sp_1200.h5
predannack,20260415,1200,sp,dataset2,2.0,68040,18049,0.26527042915931803,12.10000228881836,4051,0,68040,787,63301,5465,48292,,,-32.0,-32.0,https://ncas-radar-o.s3-ext.jc.rl.ac.uk/uk-wsr-visualizer-public/ukmo-nimrod/pvol/predannack/2026/04/15/sp/20260415_polar_pl_radar08_aggregate_sp_1200.h5
predannack,20260415,1200,sp,dataset3,4.0,68040,18501,0.2719135802469136,11.900001525878906,4018,0,68040,706,63646,4928,49118,,,-32.0,-32.0,https://ncas-radar-o.s3-ext.jc.rl.ac.uk/uk-wsr-visualizer-public/ukmo-nimrod/pvol/predannack/2026/04/15/sp/20260415_polar_pl_radar08_aggregate_sp_1200.h5
predannack,20260415,1200,sp,dataset4,6.0,68040,19079,0.28040858318636097,11.900001525878906,3940,0,68040,719,63837,4718,49837,,,-32.0,-32.0,https://ncas-radar-o.s3-ext.jc.rl.ac.uk/uk-wsr-visualizer-public/ukmo-nimrod/pvol/predannack/2026/04/15/sp/20260415_polar_pl_radar08_aggregate_sp_1200.h5
predannack,20260415,1200,sp,dataset5,9.0,68040,19062,0.28015873015873016,11.799999237060547,3976,0,68040,712,63742,4629,50283,,,-32.0,-32.0,https://ncas-radar-o.s3-ext.jc.rl.ac.uk/uk-wsr-visualizer-public/ukmo-nimrod/pvol/predannack/2026/04/15/sp/20260415_polar_pl_radar08_aggregate_sp_1200.h5
predannack,20260415,1200,sp,dataset6,89.9,57600,984,0.017083333333333332,-8.299999237060547,0,0,57600,6946,31514,12944,6915,,,-32.0,-32.0,https://ncas-radar-o.s3-ext.jc.rl.ac.uk/uk-wsr-visualizer-public/ukmo-nimrod/pvol/predannack/2026/04/15/sp/20260415_polar_pl_radar08_aggregate_sp_1200.h5
predannack,20260711,2100,lp,dataset1,0.5,153000,12858,0.08403921568627451,-7.100000381469727,0,0,153000,9681,129766,30298,28050,3.99,4.07,25.700000762939453,25.200000762939453,https://ncas-radar-o.s3-ext.jc.rl.ac.uk/uk-wsr-visualizer-public/ukmo-nimrod/pvol/predannack/2026/07/11/lp/20260711_polar_pl_radar08_aggregate_lp_2100.h5
predannack,20260711,2100,lp,dataset2,1.0,153000,15117,0.09880392156862745,-8.5,0,0,153000,6658,129973,30343,34372,3.97,3.84,25.540000915527344,25.020000457763672,https://ncas-radar-o.s3-ext.jc.rl.ac.uk/uk-wsr-visualizer-public/ukmo-nimrod/pvol/predannack/2026/07/11/lp/20260711_polar_pl_radar08_aggregate_lp_2100.h5
predannack,20260711,2100,lp,dataset3,2.0,153000,5261,0.03438562091503268,-7.799999237060547,0,0,153000,2258,89594,24565,21069,3.75,3.62,25.420000076293945,24.889999389648438,https://ncas-radar-o.s3-ext.jc.rl.ac.uk/uk-wsr-visualizer-public/ukmo-nimrod/pvol/predannack/2026/07/11/lp/20260711_polar_pl_radar08_aggregate_lp_2100.h5
predannack,20260711,2100,lp,dataset4,3.0,153000,5335,0.034869281045751634,-8.100000381469727,0,0,153000,2712,89628,24637,21386,3.68,3.6,25.350000381469727,24.809999465942383,https://ncas-radar-o.s3-ext.jc.rl.ac.uk/uk-wsr-visualizer-public/ukmo-nimrod/pvol/predannack/2026/07/11/lp/20260711_polar_pl_radar08_aggregate_lp_2100.h5
predannack,20260711,2100,lp,dataset5,3.95,153000,5537,0.03618954248366013,-7.799999237060547,0,0,153000,2349,89663,24038,21784,3.64,3.48,25.309999465942383,24.760000228881836,https://ncas-radar-o.s3-ext.jc.rl.ac.uk/uk-wsr-visualizer-public/ukmo-nimrod/pvol/predannack/2026/07/11/lp/20260711_polar_pl_radar08_aggregate_lp_2100.h5
predannack,20260711,2100,sp,dataset1,1.0,68040,14314,0.21037624926513815,13.299999237060547,5726,0,68040,1195,61524,4991,40460,,,-32.0,-32.0,https://ncas-radar-o.s3-ext.jc.rl.ac.uk/uk-wsr-visualizer-public/ukmo-nimrod/pvol/predannack/2026/07/11/sp/20260711_polar_pl_radar08_aggregate_sp_2100.h5
predannack,20260711,2100,sp,dataset2,2.0,68040,17062,0.25076425631981186,13.10000228881836,6025,0,68040,508,64442,2907,46352,,,-32.0,-32.0,https://ncas-radar-o.s3-ext.jc.rl.ac.uk/uk-wsr-visualizer-public/ukmo-nimrod/pvol/predannack/2026/07/11/sp/20260711_polar_pl_radar08_aggregate_sp_2100.h5
predannack,20260711,2100,sp,dataset3,4.0,68040,17776,0.2612580834803057,13.0,5845,0,68040,489,64437,2723,47609,,,-32.0,-32.0,https://ncas-radar-o.s3-ext.jc.rl.ac.uk/uk-wsr-visualizer-public/ukmo-nimrod/pvol/predannack/2026/07/11/sp/20260711_polar_pl_radar08_aggregate_sp_2100.h5
predannack,20260711,2100,sp,dataset4,6.0,68040,18331,0.2694150499706055,12.900001525878906,5747,0,68040,504,64457,2796,48478,,,-32.0,-32.0,https://ncas-radar-o.s3-ext.jc.rl.ac.uk/uk-wsr-visualizer-public/ukmo-nimrod/pvol/predannack/2026/07/11/sp/20260711_polar_pl_radar08_aggregate_sp_2100.h5
predannack,20260711,2100,sp,dataset5,9.0,68040,19021,0.2795561434450323,12.900001525878906,5931,0,68040,598,64157,3221,49820,,,-32.0,-32.0,https://ncas-radar-o.s3-ext.jc.rl.ac.uk/uk-wsr-visualizer-public/ukmo-nimrod/pvol/predannack/2026/07/11/sp/20260711_polar_pl_radar08_aggregate_sp_2100.h5
predannack,20260711,2100,sp,dataset6,89.9,57600,1122,0.019479166666666665,-7.299999237060547,0,0,57600,6896,32454,11756,7108,,,-32.0,-32.0,https://ncas-radar-o.s3-ext.jc.rl.ac.uk/uk-wsr-visualizer-public/ukmo-nimrod/pvol/predannack/2026/07/11/sp/20260711_polar_pl_radar08_aggregate_sp_2100.h5
thurnham,20260115,0000,lp,dataset1,0.5,153000,17544,0.11466666666666667,-9.0,0,0,153000,13166,122477,39808,36814,4.86,7.04,22.799999237060547,24.09000015258789,https://ncas-radar-o.s3-ext.jc.rl.ac.uk/uk-wsr-visualizer-public/ukmo-nimrod/pvol/thurnham/2026/01/15/lp/20260115_polar_pl_radar20_aggregate_lp_0000.h5
thurnham,20260115,0000,lp,dataset2,1.0,153000,16389,0.10711764705882353,-9.299999237060547,0,0,153000,8212,124436,35121,35047,4.73,6.92,22.739999771118164,24.079999923706055,https://ncas-radar-o.s3-ext.jc.rl.ac.uk/uk-wsr-visualizer-public/ukmo-nimrod/pvol/thurnham/2026/01/15/lp/20260115_polar_pl_radar20_aggregate_lp_0000.h5
thurnham,20260115,0000,lp,dataset3,2.0,153000,4483,0.029300653594771242,-7.69999885559082,0,0,153000,7367,84925,30567,18362,4.7,6.93,22.65999984741211,24.020000457763672,https://ncas-radar-o.s3-ext.jc.rl.ac.uk/uk-wsr-visualizer-public/ukmo-nimrod/pvol/thurnham/2026/01/15/lp/20260115_polar_pl_radar20_aggregate_lp_0000.h5
thurnham,20260115,0000,lp,dataset4,3.0,153000,4599,0.030058823529411766,-7.399999618530273,0,0,153000,7219,85482,29547,18822,4.65,6.74,22.6299991607666,23.989999771118164,https://ncas-radar-o.s3-ext.jc.rl.ac.uk/uk-wsr-visualizer-public/ukmo-nimrod/pvol/thurnham/2026/01/15/lp/20260115_polar_pl_radar20_aggregate_lp_0000.h5
thurnham,20260115,0000,lp,dataset5,3.95,153000,4980,0.032549019607843135,-7.299999237060547,0,0,153000,6768,85996,29158,19441,4.75,6.9,22.59500026702881,23.959999084472656,https://ncas-radar-o.s3-ext.jc.rl.ac.uk/uk-wsr-visualizer-public/ukmo-nimrod/pvol/thurnham/2026/01/15/lp/20260115_polar_pl_radar20_aggregate_lp_0000.h5
thurnham,20260115,0000,sp,dataset1,1.0,68040,12364,0.18171663727219284,13.60000228881836,5777,0,68040,2958,54161,11149,32184,,,-32.0,-32.0,https://ncas-radar-o.s3-ext.jc.rl.ac.uk/uk-wsr-visualizer-public/ukmo-nimrod/pvol/thurnham/2026/01/15/sp/20260115_polar_pl_radar20_aggregate_sp_0000.h5
thurnham,20260115,0000,sp,dataset2,2.0,68040,13441,0.19754556143445032,13.5,5765,0,68040,2202,57035,8190,34447,,,-32.0,-32.0,https://ncas-radar-o.s3-ext.jc.rl.ac.uk/uk-wsr-visualizer-public/ukmo-nimrod/pvol/thurnham/2026/01/15/sp/20260115_polar_pl_radar20_aggregate_sp_0000.h5
thurnham,20260115,0000,sp,dataset3,4.0,68040,14465,0.2125955320399765,13.5,6313,0,68040,2067,58647,7245,37330,,,-32.0,-32.0,https://ncas-radar-o.s3-ext.jc.rl.ac.uk/uk-wsr-visualizer-public/ukmo-nimrod/pvol/thurnham/2026/01/15/sp/20260115_polar_pl_radar20_aggregate_sp_0000.h5
thurnham,20260115,0000,sp,dataset4,6.0,68040,15534,0.22830687830687832,13.400001525878906,6180,0,68040,1395,60112,6070,41514,,,-32.0,-32.0,https://ncas-radar-o.s3-ext.jc.rl.ac.uk/uk-wsr-visualizer-public/ukmo-nimrod/pvol/thurnham/2026/01/15/sp/20260115_polar_pl_radar20_aggregate_sp_0000.h5
thurnham,20260115,0000,sp,dataset5,9.0,68040,16178,0.23777189888301,13.400001525878906,6267,0,68040,1239,60567,5693,44182,,,-32.0,-32.0,https://ncas-radar-o.s3-ext.jc.rl.ac.uk/uk-wsr-visualizer-public/ukmo-nimrod/pvol/thurnham/2026/01/15/sp/20260115_polar_pl_radar20_aggregate_sp_0000.h5
thurnham,20260115,0000,sp,dataset6,89.9,57600,569,0.009878472222222223,-6.5,0,0,57600,10133,20174,20417,4023,,,-32.0,-32.0,https://ncas-radar-o.s3-ext.jc.rl.ac.uk/uk-wsr-visualizer-public/ukmo-nimrod/pvol/thurnham/2026/01/15/sp/20260115_polar_pl_radar20_aggregate_sp_0000.h5
thurnham,20260415,1200,lp,dataset1,0.5,153000,18471,0.12072549019607844,-7.799999237060547,0,0,153000,14150,121047,40424,38287,4.92,6.4,22.719999313354492,24.190000534057617,https://ncas-radar-o.s3-ext.jc.rl.ac.uk/uk-wsr-visualizer-public/ukmo-nimrod/pvol/thurnham/2026/04/15/lp/20260415_polar_pl_radar20_aggregate_lp_1200.h5
thurnham,20260415,1200,lp,dataset2,1.0,153000,17842,0.11661437908496732,-8.69999885559082,0,0,153000,9410,123520,35867,38051,4.87,6.42,22.639999389648438,24.110000610351562,https://ncas-radar-o.s3-ext.jc.rl.ac.uk/uk-wsr-visualizer-public/ukmo-nimrod/pvol/thurnham/2026/04/15/lp/20260415_polar_pl_radar20_aggregate_lp_1200.h5
thurnham,20260415,1200,lp,dataset3,2.0,153000,5214,0.03407843137254902,-7.5,0,0,153000,8480,82483,32592,20310,4.81,6.36,22.549999237060547,24.030000686645508,https://ncas-radar-o.s3-ext.jc.rl.ac.uk/uk-wsr-visualizer-public/ukmo-nimrod/pvol/thurnham/2026/04/15/lp/20260415_polar_pl_radar20_aggregate_lp_1200.h5
thurnham,20260415,1200,lp,dataset4,3.0,153000,5234,0.03420915032679739,-7.399999618530273,0,0,153000,8517,81877,32388,20610,4.72,6.32,22.510000228881836,24.010000228881836,https://ncas-radar-o.s3-ext.jc.rl.ac.uk/uk-wsr-visualizer-public/ukmo-nimrod/pvol/thurnham/2026/04/15/lp/20260415_polar_pl_radar20_aggregate_lp_1200.h5
thurnham,20260415,1200,lp,dataset5,4.0,153000,5282,0.03452287581699347,-7.799999237060547,0,0,153000,7523,82595,31959,21011,4.72,6.35,22.479999542236328,24.010000228881836,https://ncas-radar-o.s3-ext.jc.rl.ac.uk/uk-wsr-visualizer-public/ukmo-nimrod/pvol/thurnham/2026/04/15/lp/20260415_polar_pl_radar20_aggregate_lp_1200.h5
thurnham,20260415,1200,sp,dataset1,1.0,68040,13128,0.19294532627865962,13.5,6333,0,68040,3436,52343,12640,33905,,,-32.0,-32.0,https://ncas-radar-o.s3-ext.jc.rl.ac.uk/uk-wsr-visualizer-public/ukmo-nimrod/pvol/thurnham/2026/04/15/sp/20260415_polar_pl_radar20_aggregate_sp_1200.h5
thurnham,20260415,1200,sp,dataset2,2.0,68040,15499,0.22779247501469724,13.5,6804,0,68040,2406,55703,9191,39863,,,-32.0,-32.0,https://ncas-radar-o.s3-ext.jc.rl.ac.uk/uk-wsr-visualizer-public/ukmo-nimrod/pvol/thurnham/2026/04/15/sp/20260415_polar_pl_radar20_aggregate_sp_1200.h5
thurnham,20260415,1200,sp,dataset3,4.0,68040,16603,0.24401822457378014,13.400001525878906,6438,0,68040,1939,58162,7728,43602,,,-32.0,-32.0,https://ncas-radar-o.s3-ext.jc.rl.ac.uk/uk-wsr-visualizer-public/ukmo-nimrod/pvol/thurnham/2026/04/15/sp/20260415_polar_pl_radar20_aggregate_sp_1200.h5
thurnham,20260415,1200,sp,dataset4,6.0,68040,17364,0.25520282186948856,13.400001525878906,6475,0,68040,938,60320,5805,45489,,,-32.0,-32.0,https://ncas-radar-o.s3-ext.jc.rl.ac.uk/uk-wsr-visualizer-public/ukmo-nimrod/pvol/thurnham/2026/04/15/sp/20260415_polar_pl_radar20_aggregate_sp_1200.h5
thurnham,20260415,1200,sp,dataset5,9.0,68040,17827,0.26200764256319814,13.299999237060547,6520,0,68040,949,60730,5963,47140,,,-32.0,-32.0,https://ncas-radar-o.s3-ext.jc.rl.ac.uk/uk-wsr-visualizer-public/ukmo-nimrod/pvol/thurnham/2026/04/15/sp/20260415_polar_pl_radar20_aggregate_sp_1200.h5
thurnham,20260415,1200,sp,dataset6,89.9,57600,809,0.014045138888888888,-6.69999885559082,0,0,57600,10110,19475,19455,4220,,,-32.0,-32.0,https://ncas-radar-o.s3-ext.jc.rl.ac.uk/uk-wsr-visualizer-public/ukmo-nimrod/pvol/thurnham/2026/04/15/sp/20260415_polar_pl_radar20_aggregate_sp_1200.h5
thurnham,20260711,2100,lp,dataset1,0.5,153000,14348,0.09377777777777778,-8.299999237060547,0,0,153000,17864,110808,49619,33940,1.73,0.53,22.799999237060547,24.690000534057617,https://ncas-radar-o.s3-ext.jc.rl.ac.uk/uk-wsr-visualizer-public/ukmo-nimrod/pvol/thurnham/2026/07/11/lp/20260711_polar_pl_radar20_aggregate_lp_2100.h5
thurnham,20260711,2100,lp,dataset2,1.0,153000,15452,0.10099346405228758,-8.899999618530273,0,0,153000,10512,117649,42214,35684,5.08,6.78,22.709999084472656,24.649999618530273,https://ncas-radar-o.s3-ext.jc.rl.ac.uk/uk-wsr-visualizer-public/ukmo-nimrod/pvol/thurnham/2026/07/11/lp/20260711_polar_pl_radar20_aggregate_lp_2100.h5
thurnham,20260711,2100,lp,dataset3,2.0,153000,4933,0.032241830065359474,-7.5,0,0,153000,7470,82779,32532,20293,5.12,6.92,22.6200008392334,24.600000381469727,https://ncas-radar-o.s3-ext.jc.rl.ac.uk/uk-wsr-visualizer-public/ukmo-nimrod/pvol/thurnham/2026/07/11/lp/20260711_polar_pl_radar20_aggregate_lp_2100.h5
thurnham,20260711,2100,lp,dataset4,3.0,153000,5121,0.03347058823529412,-7.5,0,0,153000,7177,83456,31683,20339,5.02,7.03,22.59000015258789,24.549999237060547,https://ncas-radar-o.s3-ext.jc.rl.ac.uk/uk-wsr-visualizer-public/ukmo-nimrod/pvol/thurnham/2026/07/11/lp/20260711_polar_pl_radar20_aggregate_lp_2100.h5
thurnham,20260711,2100,lp,dataset5,4.0,153000,5255,0.03434640522875817,-8.5,0,0,153000,6117,83735,30368,20888,5.12,6.9,22.56999969482422,24.489999771118164,https://ncas-radar-o.s3-ext.jc.rl.ac.uk/uk-wsr-visualizer-public/ukmo-nimrod/pvol/thurnham/2026/07/11/lp/20260711_polar_pl_radar20_aggregate_lp_2100.h5
thurnham,20260711,2100,sp,dataset1,1.0,68040,12469,0.18325984714873603,13.60000228881836,6209,0,68040,2953,53805,12146,35046,,,-32.0,-32.0,https://ncas-radar-o.s3-ext.jc.rl.ac.uk/uk-wsr-visualizer-public/ukmo-nimrod/pvol/thurnham/2026/07/11/sp/20260711_polar_pl_radar20_aggregate_sp_2100.h5
thurnham,20260711,2100,sp,dataset2,2.0,68040,14969,0.2200029394473839,13.5,6572,0,68040,1896,57456,8368,39743,,,-32.0,-32.0,https://ncas-radar-o.s3-ext.jc.rl.ac.uk/uk-wsr-visualizer-public/ukmo-nimrod/pvol/thurnham/2026/07/11/sp/20260711_polar_pl_radar20_aggregate_sp_2100.h5
thurnham,20260711,2100,sp,dataset3,4.0,68040,16051,0.2359053497942387,13.400001525878906,6472,0,68040,1380,59471,6557,43104,,,-32.0,-32.0,https://ncas-radar-o.s3-ext.jc.rl.ac.uk/uk-wsr-visualizer-public/ukmo-nimrod/pvol/thurnham/2026/07/11/sp/20260711_polar_pl_radar20_aggregate_sp_2100.h5
thurnham,20260711,2100,sp,dataset4,6.0,68040,16809,0.24704585537918872,13.400001525878906,6546,0,68040,846,60894,5118,45059,,,-32.0,-32.0,https://ncas-radar-o.s3-ext.jc.rl.ac.uk/uk-wsr-visualizer-public/ukmo-nimrod/pvol/thurnham/2026/07/11/sp/20260711_polar_pl_radar20_aggregate_sp_2100.h5
thurnham,20260711,2100,sp,dataset5,9.0,68040,17879,0.26277189888301,13.400001525878906,6536,0,68040,742,61459,4739,46983,,,-32.0,-32.0,https://ncas-radar-o.s3-ext.jc.rl.ac.uk/uk-wsr-visualizer-public/ukmo-nimrod/pvol/thurnham/2026/07/11/sp/20260711_polar_pl_radar20_aggregate_sp_2100.h5
thurnham,20260711,2100,sp,dataset6,89.9,57600,995,0.017274305555555557,-6.799999237060547,0,0,57600,7640,24371,15187,5457,,,-32.0,-32.0,https://ncas-radar-o.s3-ext.jc.rl.ac.uk/uk-wsr-visualizer-public/ukmo-nimrod/pvol/thurnham/2026/07/11/sp/20260711_polar_pl_radar20_aggregate_sp_2100.h5
wardon-hill,20260117,0000,lp,dataset1,0.5,153000,28173,0.18413725490196078,-12.799999237060547,0,0,153000,360,146826,19817,54257,4.66,5.08,23.989999771118164,24.940000534057617,https://ncas-radar-o.s3-ext.jc.rl.ac.uk/uk-wsr-visualizer-public/ukmo-nimrod/pvol/wardon-hill/2026/01/17/lp/20260117_polar_pl_radar11_aggregate_lp_0000.h5
wardon-hill,20260117,0000,lp,dataset2,0.95,153000,24566,0.16056209150326797,-13.399999618530273,0,0,153000,360,143794,20117,49063,4.34,4.82,23.889999389648438,24.84000015258789,https://ncas-radar-o.s3-ext.jc.rl.ac.uk/uk-wsr-visualizer-public/ukmo-nimrod/pvol/wardon-hill/2026/01/17/lp/20260117_polar_pl_radar11_aggregate_lp_0000.h5
wardon-hill,20260117,0000,lp,dataset3,1.95,153000,6195,0.04049019607843137,-11.69999885559082,0,0,153000,362,92622,19624,23665,4.17,4.68,23.770000457763672,24.760000228881836,https://ncas-radar-o.s3-ext.jc.rl.ac.uk/uk-wsr-visualizer-public/ukmo-nimrod/pvol/wardon-hill/2026/01/17/lp/20260117_polar_pl_radar11_aggregate_lp_0000.h5
wardon-hill,20260117,0000,lp,dataset4,3.0,153000,6382,0.04171241830065359,-12.0,0,0,153000,360,92966,19115,23977,4.0,4.64,23.719999313354492,24.709999084472656,https://ncas-radar-o.s3-ext.jc.rl.ac.uk/uk-wsr-visualizer-public/ukmo-nimrod/pvol/wardon-hill/2026/01/17/lp/20260117_polar_pl_radar11_aggregate_lp_0000.h5
wardon-hill,20260117,0000,lp,dataset5,3.95,153000,6409,0.04188888888888889,-11.899999618530273,0,0,153000,361,93254,19489,23709,4.05,4.66,23.700000762939453,24.700000762939453,https://ncas-radar-o.s3-ext.jc.rl.ac.uk/uk-wsr-visualizer-public/ukmo-nimrod/pvol/wardon-hill/2026/01/17/lp/20260117_polar_pl_radar11_aggregate_lp_0000.h5
wardon-hill,20260117,0000,sp,dataset1,1.0,68040,18487,0.27170781893004115,9.400001525878906,0,0,68040,1134,66490,867,54315,,,-32.0,-32.0,https://ncas-radar-o.s3-ext.jc.rl.ac.uk/uk-wsr-visualizer-public/ukmo-nimrod/pvol/wardon-hill/2026/01/17/sp/20260117_polar_pl_radar11_aggregate_sp_0000.h5
wardon-hill,20260117,0000,sp,dataset2,1.95,68040,19342,0.2842739564961787,9.299999237060547,0,0,68040,946,66681,855,54251,,,-32.0,-32.0,https://ncas-radar-o.s3-ext.jc.rl.ac.uk/uk-wsr-visualizer-public/ukmo-nimrod/pvol/wardon-hill/2026/01/17/sp/20260117_polar_pl_radar11_aggregate_sp_0000.h5
wardon-hill,20260117,0000,sp,dataset3,4.0,68040,20583,0.3025132275132275,9.200000762939453,0,0,68040,945,66695,812,54212,,,-32.0,-32.0,https://ncas-radar-o.s3-ext.jc.rl.ac.uk/uk-wsr-visualizer-public/ukmo-nimrod/pvol/wardon-hill/2026/01/17/sp/20260117_polar_pl_radar11_aggregate_sp_0000.h5
wardon-hill,20260117,0000,sp,dataset4,6.0,68040,20598,0.3027336860670194,9.10000228881836,0,0,68040,945,66693,891,54019,,,-32.0,-32.0,https://ncas-radar-o.s3-ext.jc.rl.ac.uk/uk-wsr-visualizer-public/ukmo-nimrod/pvol/wardon-hill/2026/01/17/sp/20260117_polar_pl_radar11_aggregate_sp_0000.h5
wardon-hill,20260117,0000,sp,dataset5,9.0,68040,20516,0.30152851263962377,9.0,0,0,68040,1134,66497,990,54790,,,-32.0,-32.0,https://ncas-radar-o.s3-ext.jc.rl.ac.uk/uk-wsr-visualizer-public/ukmo-nimrod/pvol/wardon-hill/2026/01/17/sp/20260117_polar_pl_radar11_aggregate_sp_0000.h5
wardon-hill,20260117,0000,sp,dataset6,89.9,57600,1676,0.029097222222222222,-10.899999618530273,0,0,57600,2169,49669,1733,11245,,,-32.0,-32.0,https://ncas-radar-o.s3-ext.jc.rl.ac.uk/uk-wsr-visualizer-public/ukmo-nimrod/pvol/wardon-hill/2026/01/17/sp/20260117_polar_pl_radar11_aggregate_sp_0000.h5
wardon-hill,20260217,1200,lp,dataset1,0.5,153000,19877,0.12991503267973856,-11.399999618530273,0,0,153000,11213,128068,36731,43201,4.94,4.9,23.809999465942383,25.020000457763672,https://ncas-radar-o.s3-ext.jc.rl.ac.uk/uk-wsr-visualizer-public/ukmo-nimrod/pvol/wardon-hill/2026/02/17/lp/20260217_polar_pl_radar11_aggregate_lp_1200.h5
wardon-hill,20260217,1200,lp,dataset2,0.95,153000,18217,0.11906535947712418,-13.0,0,0,153000,7014,129627,33396,41872,4.68,4.83,23.700000762939453,24.920000076293945,https://ncas-radar-o.s3-ext.jc.rl.ac.uk/uk-wsr-visualizer-public/ukmo-nimrod/pvol/wardon-hill/2026/02/17/lp/20260217_polar_pl_radar11_aggregate_lp_1200.h5
wardon-hill,20260217,1200,lp,dataset3,1.95,153000,5239,0.034241830065359476,-11.600000381469727,0,0,153000,5223,86474,28796,21851,4.61,4.59,23.610000610351562,24.829999923706055,https://ncas-radar-o.s3-ext.jc.rl.ac.uk/uk-wsr-visualizer-public/ukmo-nimrod/pvol/wardon-hill/2026/02/17/lp/20260217_polar_pl_radar11_aggregate_lp_1200.h5
wardon-hill,20260217,1200,lp,dataset4,3.0,153000,5211,0.034058823529411766,-12.0,0,0,153000,4661,86914,27525,21749,4.38,4.42,23.559999465942383,24.760000228881836,https://ncas-radar-o.s3-ext.jc.rl.ac.uk/uk-wsr-visualizer-public/ukmo-nimrod/pvol/wardon-hill/2026/02/17/lp/20260217_polar_pl_radar11_aggregate_lp_1200.h5
wardon-hill,20260217,1200,lp,dataset5,3.95,153000,5335,0.034869281045751634,-12.100000381469727,0,0,153000,4318,87202,27251,21961,4.4,4.47,23.530000686645508,24.729999542236328,https://ncas-radar-o.s3-ext.jc.rl.ac.uk/uk-wsr-visualizer-public/ukmo-nimrod/pvol/wardon-hill/2026/02/17/lp/20260217_polar_pl_radar11_aggregate_lp_1200.h5
wardon-hill,20260217,1200,sp,dataset1,0.95,68040,15129,0.22235449735449736,9.200000762939453,0,0,68040,2004,59134,9388,45830,,,-32.0,-32.0,https://ncas-radar-o.s3-ext.jc.rl.ac.uk/uk-wsr-visualizer-public/ukmo-nimrod/pvol/wardon-hill/2026/02/17/sp/20260217_polar_pl_radar11_aggregate_sp_1200.h5
wardon-hill,20260217,1200,sp,dataset2,1.95,68040,17284,0.2540270429159318,9.200000762939453,0,0,68040,1551,61812,6824,48191,,,-32.0,-32.0,https://ncas-radar-o.s3-ext.jc.rl.ac.uk/uk-wsr-visualizer-public/ukmo-nimrod/pvol/wardon-hill/2026/02/17/sp/20260217_polar_pl_radar11_aggregate_sp_1200.h5
wardon-hill,20260217,1200,sp,dataset3,4.0,68040,17854,0.26240446796002354,9.0,0,0,68040,1229,62728,5777,49131,,,-32.0,-32.0,https://ncas-radar-o.s3-ext.jc.rl.ac.uk/uk-wsr-visualizer-public/ukmo-nimrod/pvol/wardon-hill/2026/02/17/sp/20260217_polar_pl_radar11_aggregate_sp_1200.h5
wardon-hill,20260217,1200,sp,dataset4,6.0,68040,18068,0.26554967666078777,9.0,0,0,68040,1029,63301,5304,49189,,,-32.0,-32.0,https://ncas-radar-o.s3-ext.jc.rl.ac.uk/uk-wsr-visualizer-public/ukmo-nimrod/pvol/wardon-hill/2026/02/17/sp/20260217_polar_pl_radar11_aggregate_sp_1200.h5
wardon-hill,20260217,1200,sp,dataset5,9.0,68040,18092,0.2659024103468548,9.0,0,0,68040,1028,63241,5247,49035,,,-32.0,-32.0,https://ncas-radar-o.s3-ext.jc.rl.ac.uk/uk-wsr-visualizer-public/ukmo-nimrod/pvol/wardon-hill/2026/02/17/sp/20260217_polar_pl_radar11_aggregate_sp_1200.h5
wardon-hill,20260217,1200,sp,dataset6,89.9,57600,650,0.011284722222222222,-11.19999885559082,0,0,57600,11010,25371,23925,4138,,,-32.0,-32.0,https://ncas-radar-o.s3-ext.jc.rl.ac.uk/uk-wsr-visualizer-public/ukmo-nimrod/pvol/wardon-hill/2026/02/17/sp/20260217_polar_pl_radar11_aggregate_sp_1200.h5
wardon-hill,20260711,2100,lp,dataset1,0.5,153000,19785,0.12931372549019607,-13.19999885559082,0,0,153000,9310,128303,35693,42809,5.11,5.23,23.799999237060547,25.030000686645508,https://ncas-radar-o.s3-ext.jc.rl.ac.uk/uk-wsr-visualizer-public/ukmo-nimrod/pvol/wardon-hill/2026/07/11/lp/20260711_polar_pl_radar11_aggregate_lp_2100.h5
wardon-hill,20260711,2100,lp,dataset2,0.95,153000,18896,0.1235032679738562,-13.0,0,0,153000,4855,131782,30229,40969,4.68,5.19,23.68000030517578,24.920000076293945,https://ncas-radar-o.s3-ext.jc.rl.ac.uk/uk-wsr-visualizer-public/ukmo-nimrod/pvol/wardon-hill/2026/07/11/lp/20260711_polar_pl_radar11_aggregate_lp_2100.h5
wardon-hill,20260711,2100,lp,dataset3,2.0,153000,5166,0.03376470588235294,-12.5,0,0,153000,3244,88850,25156,20827,4.63,5.05,23.600000381469727,24.8799991607666,https://ncas-radar-o.s3-ext.jc.rl.ac.uk/uk-wsr-visualizer-public/ukmo-nimrod/pvol/wardon-hill/2026/07/11/lp/20260711_polar_pl_radar11_aggregate_lp_2100.h5
wardon-hill,20260711,2100,lp,dataset4,3.0,153000,5379,0.035156862745098036,-11.5,0,0,153000,2860,89644,24074,21545,4.46,5.02,23.540000915527344,24.81999969482422,https://ncas-radar-o.s3-ext.jc.rl.ac.uk/uk-wsr-visualizer-public/ukmo-nimrod/pvol/wardon-hill/2026/07/11/lp/20260711_polar_pl_radar11_aggregate_lp_2100.h5
wardon-hill,20260711,2100,lp,dataset5,4.0,153000,5496,0.03592156862745098,-12.0,0,0,153000,2695,89468,23746,21688,4.4,4.98,23.5,24.780000686645508,https://ncas-radar-o.s3-ext.jc.rl.ac.uk/uk-wsr-visualizer-public/ukmo-nimrod/pvol/wardon-hill/2026/07/11/lp/20260711_polar_pl_radar11_aggregate_lp_2100.h5
wardon-hill,20260711,2100,sp,dataset1,1.0,68040,13252,0.19476778365667255,9.200000762939453,0,0,68040,1352,59442,6621,40245,,,-32.0,-32.0,https://ncas-radar-o.s3-ext.jc.rl.ac.uk/uk-wsr-visualizer-public/ukmo-nimrod/pvol/wardon-hill/2026/07/11/sp/20260711_polar_pl_radar11_aggregate_sp_2100.h5
wardon-hill,20260711,2100,sp,dataset2,1.95,68040,14844,0.2181657848324515,9.10000228881836,0,0,68040,967,62544,3731,42466,,,-32.0,-32.0,https://ncas-radar-o.s3-ext.jc.rl.ac.uk/uk-wsr-visualizer-public/ukmo-nimrod/pvol/wardon-hill/2026/07/11/sp/20260711_polar_pl_radar11_aggregate_sp_2100.h5
wardon-hill,20260711,2100,sp,dataset3,3.95,68040,16887,0.24819223985890654,9.0,0,0,68040,822,63784,2853,45340,,,-32.0,-32.0,https://ncas-radar-o.s3-ext.jc.rl.ac.uk/uk-wsr-visualizer-public/ukmo-nimrod/pvol/wardon-hill/2026/07/11/sp/20260711_polar_pl_radar11_aggregate_sp_2100.h5
wardon-hill,20260711,2100,sp,dataset4,6.0,68040,17731,0.26059670781893,9.0,0,0,68040,634,64268,2398,47284,,,-32.0,-32.0,https://ncas-radar-o.s3-ext.jc.rl.ac.uk/uk-wsr-visualizer-public/ukmo-nimrod/pvol/wardon-hill/2026/07/11/sp/20260711_polar_pl_radar11_aggregate_sp_2100.h5
wardon-hill,20260711,2100,sp,dataset5,9.0,68040,18809,0.276440329218107,8.900001525878906,0,0,68040,693,64145,2902,49467,,,-32.0,-32.0,https://ncas-radar-o.s3-ext.jc.rl.ac.uk/uk-wsr-visualizer-public/ukmo-nimrod/pvol/wardon-hill/2026/07/11/sp/20260711_polar_pl_radar11_aggregate_sp_2100.h5
wardon-hill,20260711,2100,sp,dataset6,89.9,57600,910,0.01579861111111111,-11.100000381469727,0,0,57600,10874,25908,19573,5650,,,-32.0,-32.0,https://ncas-radar-o.s3-ext.jc.rl.ac.uk/uk-wsr-visualizer-public/ukmo-nimrod/pvol/wardon-hill/2026/07/11/sp/20260711_polar_pl_radar11_aggregate_sp_2100.h5
